InvoiceNo,CustomerID,ProductID,Category,Country,InvoiceDate,Quantity,UnitPrice,DiscountPercent,LineTotal,PaymentMethod,CustomerAge,MembershipLevel
INV10000,1102,242,Books,France,2024-11-19,-1,6.44,10,-5.8,Bank Transfer,22,Platinum
INV10001,1435,328,Electronics,France,2024-04-04,9,9.96,5,85.16,Cash,19,Silver
INV10002,1860,308,Home,UK,2024-12-06,4,13.49,5,51.26,PayPal,47,Gold
INV10003,1270,378,Home,Spain,2024-05-17,0,98.55,5,0.0,Cash,34,Silver
INV10004,1106,351,Books,Germany,2024-04-16,-1,62.64,0,-62.64,Bank Transfer,46,Gold
INV10005,1071,351,Sports,Germany,2024-11-01,5,82.68,20,330.72,Card,59,Platinum
INV10006,1700,216,Home,Spain,2024-11-16,9,5.93,0,53.37,Cash,21,Silver
INV10007,1020,332,Fashion,Spain,2024-09-16,9,78.53,5,671.43,Cash,26,Standard
INV10008,1614,347,Fashion,Germany,2024-11-26,9,7.98,10,64.64,Card,38,Gold
INV10009,1121,220,Home,UK,2024-06-30,0,33.78,5,0.0,Cash,60,Standard
INV10010,1466,257,Sports,France,2024-01-30,-1,77.05,5,-73.2,Bank Transfer,29,Standard
INV10011,1214,358,Books,France,2024-10-24,1,29.04,0,29.04,Card,29,Platinum
INV10012,1330,309,Fashion,Germany,2024-09-02,5,33.73,0,168.65,Bank Transfer,67,Standard
INV10013,1458,338,Home,Germany,2024-02-10,3,13.96,5,39.79,Bank Transfer,21,Gold
INV10014,1087,379,Fashion,Spain,2024-03-13,-1,19.98,0,-19.98,Bank Transfer,45,Standard
INV10015,1372,342,Electronics,France,2024-06-24,9,4.73,5,40.44,PayPal,26,Standard
INV10016,1099,334,Electronics,Germany,2024-05-03,1,49.31,5,46.84,Card,57,Gold
INV10017,1871,227,Fashion,Germany,2024-02-26,1,19.12,10,17.21,PayPal,68,Standard
INV10018,1663,250,Books,Spain,2024-12-05,-1,6.94,15,-5.9,PayPal,49,Platinum
INV10019,1130,385,Books,France,2024-08-03,4,51.03,5,193.91,Cash,30,Gold
INV10020,1661,204,Sports,UK,2024-01-22,-1,91.89,15,-78.11,Card,51,Platinum
INV10021,1308,204,Books,Spain,2024-05-27,1,61.34,0,61.34,Cash,36,Standard
INV10022,1769,293,Home,Spain,2024-07-05,-1,58.96,20,-47.17,PayPal,31,Silver
INV10023,1343,295,Sports,Spain,2024-12-02,2,66.86,10,120.35,Cash,22,Platinum
INV10024,1491,207,Electronics,UK,2024-11-05,4,56.54,15,192.24,Bank Transfer,44,Platinum
INV10025,1413,263,Home,Spain,2024-12-08,9,65.68,20,472.9,PayPal,45,Standard
INV10026,1805,337,Electronics,UK,2024-10-13,5,30.25,10,136.12,Bank Transfer,43,Silver
INV10027,1385,237,Books,Germany,2024-07-30,0,36.95,10,0.0,Card,27,Gold
INV10028,1191,310,Electronics,Germany,2024-10-04,0,90.08,20,0.0,Cash,41,Silver
INV10029,1955,311,Home,UK,2024-03-12,-1,61.5,15,-52.28,PayPal,34,Gold
INV10030,1276,280,Home,Germany,2024-02-23,4,49.04,15,166.74,Card,69,Standard
INV10031,1160,335,Home,Spain,2024-02-15,5,41.66,5,197.88,Bank Transfer,33,Silver
INV10032,1459,303,Books,Germany,2024-05-08,0,81.62,5,0.0,Cash,34,Standard
INV10033,1313,352,Books,Spain,2024-06-09,-2,49.93,15,-84.88,Cash,18,Platinum
INV10034,1021,272,Home,Spain,2024-07-22,0,74.37,20,0.0,PayPal,38,Silver
INV10035,1252,393,Sports,Germany,2024-10-01,1,70.66,0,70.66,Cash,64,Gold
INV10036,1747,377,Books,UK,2024-07-06,3,11.07,10,29.89,Cash,66,Platinum
INV10037,1856,394,Books,UK,2024-12-07,6,29.89,15,152.44,Bank Transfer,60,Gold
INV10038,1560,248,Fashion,France,2024-08-27,8,21.23,15,144.36,Bank Transfer,39,Platinum
INV10039,1474,235,Books,Spain,2024-05-16,0,48.89,10,0.0,Bank Transfer,22,Gold
INV10040,1058,325,Sports,Germany,2024-09-23,1,65.89,10,59.3,Card,53,Gold
INV10041,1510,267,Fashion,Germany,2024-10-01,7,30.98,10,195.17,Card,38,Standard
INV10042,1681,277,Fashion,Spain,2024-03-05,3,26.73,0,80.19,Cash,26,Platinum
INV10043,1475,304,Sports,France,2024-09-19,0,81.37,10,0.0,Card,44,Standard
INV10044,1699,368,Electronics,Spain,2024-06-02,8,90.96,15,618.53,PayPal,65,Standard
INV10045,1975,321,Home,UK,2024-02-15,3,56.53,10,152.63,Bank Transfer,29,Standard
INV10046,1782,318,Books,UK,2024-04-27,2,32.95,0,65.9,Card,35,Standard
INV10047,1189,389,Home,Spain,2024-10-31,3,34.47,15,87.9,Cash,52,Gold
INV10048,1957,313,Sports,France,2024-08-02,4,46.51,10,167.44,Bank Transfer,32,Standard
INV10049,1686,209,Electronics,France,2024-02-23,4,33.16,10,119.38,Card,67,Standard
INV10050,1957,348,Sports,UK,2024-07-26,0,9.52,10,0.0,Bank Transfer,61,Standard
INV10051,1562,363,Home,France,2024-04-15,1,41.27,0,41.27,Card,47,Gold
INV10052,1875,339,Fashion,France,2024-11-15,8,66.65,15,453.22,Cash,62,Platinum
INV10053,1566,290,Fashion,UK,2024-06-17,4,42.67,0,170.68,Card,50,Gold
INV10054,1243,201,Fashion,France,2024-11-03,7,48.79,20,273.22,Card,53,Gold
INV10055,1831,317,Sports,France,2024-01-04,-2,14.43,20,-23.09,Card,57,Gold
INV10056,1504,212,Sports,UK,2024-03-11,-2,62.76,5,-119.24,Bank Transfer,68,Platinum
INV10057,1130,380,Books,Spain,2024-10-18,-1,87.45,10,-78.7,Card,47,Standard
INV10058,1484,359,Home,Spain,2024-11-29,-1,53.94,10,-48.55,Card,43,Standard
INV10059,1818,294,Books,Spain,2024-12-20,6,40.84,15,208.28,Card,38,Platinum
INV10060,1646,343,Books,UK,2024-02-08,8,44.41,15,301.99,Bank Transfer,54,Platinum
INV10061,1020,231,Sports,France,2024-06-06,7,48.05,0,336.35,Cash,60,Silver
INV10062,1840,231,Sports,France,2024-10-18,3,48.73,15,124.26,Cash,48,Standard
INV10063,1166,323,Electronics,Germany,2024-12-11,-1,32.08,20,-25.66,Cash,34,Gold
INV10064,1273,210,Home,UK,2024-04-04,4,33.92,15,115.33,Card,34,Gold
INV10065,1387,209,Electronics,France,2024-08-16,2,3.03,5,5.76,Bank Transfer,51,Standard
INV10066,1600,214,Electronics,France,2024-11-27,9,95.15,10,770.72,Cash,41,Platinum
INV10067,1315,216,Books,Germany,2024-09-14,4,24.22,10,87.19,Cash,50,Silver
INV10068,1013,367,Fashion,Germany,2024-05-14,1,4.36,15,3.71,Cash,21,Gold
INV10069,1241,345,Fashion,UK,2024-12-29,8,47.01,20,300.86,PayPal,26,Silver
INV10070,1776,382,Sports,Germany,2024-07-28,8,21.3,10,153.36,Bank Transfer,19,Gold
INV10071,1345,352,Fashion,Spain,2024-05-13,1,36.6,20,29.28,PayPal,52,Gold
INV10072,1564,258,Books,Germany,2024-09-07,7,78.87,0,552.09,Card,55,Standard
INV10073,1897,277,Home,Germany,2024-09-21,4,61.3,15,208.42,Cash,62,Gold
INV10074,1339,323,Books,France,2024-02-22,7,20.11,20,112.62,Card,32,Silver
INV10075,1091,313,Books,Germany,2024-12-04,8,24.22,5,184.07,Bank Transfer,60,Silver
INV10076,1366,221,Sports,Germany,2024-10-20,7,21.82,10,137.47,Card,59,Standard
INV10077,1955,357,Sports,Germany,2024-06-27,0,88.59,5,0.0,Card,20,Gold
INV10078,1454,371,Home,Spain,2024-01-09,2,4.53,20,7.25,Cash,48,Silver
INV10079,1427,231,Electronics,Germany,2024-01-15,9,27.29,20,196.49,Bank Transfer,69,Platinum
INV10080,1508,378,Electronics,UK,2024-01-01,4,6.32,0,25.28,Card,58,Standard
INV10081,1775,373,Electronics,France,2024-01-12,7,94.71,0,662.97,PayPal,59,Platinum
INV10082,1942,312,Electronics,Spain,2024-10-05,6,14.44,5,82.31,Cash,40,Silver
INV10083,1034,319,Home,UK,2024-01-18,8,69.69,20,446.02,PayPal,29,Platinum
INV10084,1205,348,Home,Spain,2024-11-14,8,56.36,5,428.34,Cash,25,Standard
INV10085,1080,321,Electronics,Spain,2024-08-07,6,7.43,10,40.12,Card,38,Platinum
INV10086,1931,231,Fashion,Spain,2024-11-18,-2,4.18,0,-8.36,Cash,38,Silver
INV10087,1561,318,Books,UK,2024-01-25,7,60.74,20,340.14,Card,49,Platinum
INV10088,1871,238,Fashion,France,2024-10-27,1,19.55,5,18.57,PayPal,34,Platinum
INV10089,1387,211,Books,France,2024-04-20,-1,34.53,15,-29.35,Card,54,Platinum
INV10090,1001,374,Home,Germany,2024-11-04,6,65.45,10,353.43,Cash,41,Gold
INV10091,1389,217,Sports,Spain,2024-08-20,7,87.68,20,491.01,Cash,25,Silver
INV10092,1565,348,Fashion,Spain,2024-08-07,-2,42.15,10,-75.87,Cash,35,Platinum
INV10093,1105,340,Home,Spain,2024-06-28,9,73.69,0,663.21,PayPal,28,Silver
INV10094,1771,348,Fashion,Germany,2024-06-16,-2,95.81,10,-172.46,Bank Transfer,27,Platinum
INV10095,1821,325,Sports,Spain,2024-06-21,3,41.47,15,105.75,PayPal,43,Standard
INV10096,1476,335,Fashion,Spain,2024-03-25,5,17.56,20,70.24,Card,64,Standard
INV10097,1702,245,Home,Germany,2024-12-17,6,42.09,10,227.29,Card,23,Standard
INV10098,1401,303,Books,UK,2024-04-12,8,36.29,0,290.32,PayPal,68,Platinum
INV10099,1729,334,Fashion,Spain,2024-10-29,4,32.87,15,111.76,PayPal,34,Silver
INV10100,1555,350,Sports,Germany,2024-05-13,5,26.94,5,127.96,Card,40,Standard
INV10101,1161,285,Electronics,Germany,2024-01-21,8,70.11,20,448.7,Card,59,Gold
INV10102,1201,349,Books,UK,2024-12-08,7,52.29,20,292.82,Card,54,Standard
INV10103,1957,288,Sports,UK,2024-01-28,1,27.61,20,22.09,Bank Transfer,45,Standard
INV10104,1995,221,Fashion,UK,2024-05-13,6,19.91,5,113.49,Bank Transfer,33,Gold
INV10105,1269,291,Home,France,2024-11-17,8,29.99,20,191.94,PayPal,29,Standard
INV10106,1862,228,Home,UK,2024-05-31,5,14.6,20,58.4,PayPal,38,Platinum
INV10107,1815,212,Sports,UK,2024-12-09,0,63.32,0,0.0,Bank Transfer,41,Platinum
INV10108,1270,201,Electronics,UK,2024-05-05,0,89.86,15,0.0,Cash,45,Standard
INV10109,1455,228,Books,Germany,2024-07-29,8,59.63,5,453.19,Bank Transfer,54,Silver
INV10110,1461,379,Electronics,UK,2024-02-11,6,75.49,10,407.65,PayPal,38,Silver
INV10111,1726,226,Fashion,France,2024-12-10,0,18.13,15,0.0,Bank Transfer,50,Standard
INV10112,1251,249,Home,Germany,2024-10-13,3,59.79,0,179.37,Cash,19,Gold
INV10113,1701,294,Sports,France,2024-03-28,7,77.72,0,544.04,PayPal,54,Platinum
INV10114,1295,350,Electronics,UK,2024-05-16,1,37.32,15,31.72,Card,36,Platinum
INV10115,1724,287,Electronics,Spain,2024-03-09,7,93.41,10,588.48,PayPal,45,Platinum
INV10116,1719,243,Fashion,UK,2024-01-13,4,66.93,5,254.33,Bank Transfer,32,Standard
INV10117,1748,221,Books,Germany,2024-04-14,1,99.7,5,94.72,Bank Transfer,18,Platinum
INV10118,1337,370,Books,Germany,2024-04-08,5,64.57,0,322.85,Cash,60,Standard
INV10119,1878,364,Sports,Spain,2024-05-20,2,15.54,20,24.86,Bank Transfer,45,Standard
INV10120,1052,388,Electronics,Spain,2024-07-17,9,36.94,15,282.59,Cash,67,Silver
INV10121,1791,296,Books,Germany,2024-06-05,-1,68.69,15,-58.39,PayPal,52,Gold
INV10122,1921,383,Fashion,Spain,2024-08-23,7,78.63,0,550.41,Bank Transfer,49,Gold
INV10123,1216,202,Electronics,UK,2024-05-01,4,14.81,5,56.28,PayPal,45,Gold
INV10124,1763,390,Fashion,Germany,2024-03-22,4,63.94,10,230.18,Card,26,Platinum
INV10125,1187,317,Home,France,2024-11-10,8,65.23,20,417.47,Card,41,Silver
INV10126,1379,218,Sports,Germany,2024-08-04,9,28.38,0,255.42,Cash,21,Silver
INV10127,1492,222,Home,France,2024-04-09,9,89.91,0,809.19,Bank Transfer,62,Standard
INV10128,1040,356,Electronics,Spain,2024-04-20,4,4.51,0,18.04,PayPal,58,Silver
INV10129,1156,229,Sports,Spain,2024-03-23,3,12.68,5,36.14,PayPal,20,Standard
INV10130,1014,238,Books,Germany,2024-06-03,7,55.5,20,310.8,Bank Transfer,65,Silver
INV10131,1812,307,Fashion,Germany,2024-05-13,7,76.94,0,538.58,PayPal,39,Standard
INV10132,1064,310,Fashion,Germany,2024-04-24,6,7.27,10,39.26,Bank Transfer,57,Platinum
INV10133,1856,224,Books,France,2024-03-30,-1,8.24,10,-7.42,Bank Transfer,56,Silver
INV10134,1838,327,Home,Spain,2024-04-21,2,68.9,10,124.02,Card,66,Gold
INV10135,1520,310,Books,UK,2024-06-05,3,86.13,0,258.39,Bank Transfer,42,Standard
INV10136,1343,335,Home,Germany,2024-09-02,5,68.42,15,290.79,PayPal,65,Silver
INV10137,1128,305,Home,Spain,2024-08-17,5,86.25,0,431.25,Bank Transfer,39,Silver
INV10138,1647,385,Home,Germany,2024-10-24,4,39.57,0,158.28,Card,67,Standard
INV10139,1471,343,Books,UK,2024-07-05,2,64.33,15,109.36,Card,65,Silver
INV10140,1062,271,Home,Spain,2024-06-23,-2,47.17,20,-75.47,Cash,64,Gold
INV10141,1138,328,Books,Germany,2024-04-04,0,84.21,20,0.0,PayPal,51,Standard
INV10142,1498,307,Fashion,France,2024-07-24,-2,31.82,15,-54.09,Bank Transfer,37,Standard
INV10143,1592,204,Fashion,Spain,2024-09-03,-1,6.63,10,-5.97,PayPal,53,Standard
INV10144,1391,202,Electronics,France,2024-12-17,5,70.13,20,280.52,PayPal,54,Standard
INV10145,1674,392,Fashion,France,2024-03-19,1,55.34,0,55.34,Bank Transfer,56,Standard
INV10146,1418,331,Fashion,France,2024-07-10,9,53.7,20,386.64,Card,44,Gold
INV10147,1288,303,Fashion,UK,2024-12-22,6,15.56,10,84.02,PayPal,64,Standard
INV10148,1378,263,Sports,UK,2024-09-01,6,60.35,20,289.68,Cash,66,Gold
INV10149,1772,305,Fashion,Spain,2024-04-22,3,21.18,5,60.36,PayPal,49,Gold
INV10150,1489,297,Fashion,Spain,2024-03-25,8,46.89,5,356.36,Card,59,Gold
INV10151,1230,209,Electronics,UK,2024-03-09,4,33.44,0,133.76,Cash,69,Standard
INV10152,1040,348,Electronics,UK,2024-07-19,1,2.16,10,1.94,Cash,46,Gold
INV10153,1027,327,Electronics,Germany,2024-04-09,2,86.48,5,164.31,Cash,58,Standard
INV10154,1134,245,Books,France,2024-09-07,3,84.7,5,241.4,Cash,65,Gold
INV10155,1200,354,Electronics,UK,2024-08-03,-2,72.95,0,-145.9,Bank Transfer,49,Standard
INV10156,1839,265,Home,Germany,2024-02-28,1,52.21,5,49.6,Bank Transfer,41,Silver
INV10157,1779,368,Sports,Spain,2024-03-10,-2,72.43,0,-144.86,Bank Transfer,20,Silver
INV10158,1929,311,Electronics,UK,2024-01-18,-1,7.28,5,-6.92,Cash,44,Gold
INV10159,1032,212,Home,Germany,2024-07-07,3,35.44,20,85.06,Card,26,Platinum
INV10160,1047,336,Home,France,2024-09-06,7,87.99,5,585.13,PayPal,57,Platinum
INV10161,1502,363,Fashion,France,2024-09-19,-1,47.15,10,-42.44,Cash,40,Silver
INV10162,1406,285,Electronics,Spain,2024-10-31,5,29.39,5,139.6,Card,24,Gold
INV10163,1573,289,Books,France,2024-11-29,1,86.57,20,69.26,PayPal,34,Gold
INV10164,1727,257,Fashion,Germany,2024-07-02,6,2.68,15,13.67,Cash,54,Gold
INV10165,1804,253,Home,France,2024-11-23,0,3.79,15,0.0,PayPal,24,Platinum
INV10166,1098,211,Home,France,2024-11-14,-2,95.24,0,-190.48,Bank Transfer,47,Silver
INV10167,1683,213,Books,France,2024-07-30,6,30.55,10,164.97,Bank Transfer,30,Gold
INV10168,1871,320,Electronics,Germany,2024-06-06,0,34.36,5,0.0,Bank Transfer,35,Silver
INV10169,1725,361,Electronics,Germany,2024-04-19,-1,31.17,0,-31.17,Card,48,Silver
INV10170,1986,380,Electronics,Spain,2024-10-17,5,14.0,10,63.0,Bank Transfer,39,Standard
INV10171,1546,320,Books,UK,2024-07-16,-1,20.63,15,-17.54,Card,31,Platinum
INV10172,1960,219,Home,UK,2024-01-16,2,18.84,0,37.68,Bank Transfer,35,Silver
INV10173,1738,274,Sports,UK,2024-04-09,9,45.13,5,385.86,Bank Transfer,52,Standard
INV10174,1612,343,Electronics,Germany,2024-01-23,7,51.24,0,358.68,Bank Transfer,34,Platinum
INV10175,1942,269,Fashion,France,2024-07-24,4,21.52,15,73.17,Card,36,Gold
INV10176,1461,255,Fashion,France,2024-05-04,4,60.04,5,228.15,PayPal,48,Gold
INV10177,1642,300,Sports,UK,2024-08-26,-2,51.33,0,-102.66,Card,56,Standard
INV10178,1768,385,Fashion,France,2024-02-14,2,41.35,10,74.43,Cash,53,Gold
INV10179,1004,331,Books,Germany,2024-11-30,-2,5.9,5,-11.21,Cash,32,Standard
INV10180,1217,310,Sports,UK,2024-02-24,9,97.02,0,873.18,Card,46,Standard
INV10181,1502,324,Fashion,Germany,2024-04-06,8,94.88,20,607.23,Card,57,Gold
INV10182,1766,331,Fashion,Germany,2024-03-19,4,62.78,20,200.9,PayPal,33,Platinum
INV10183,1397,219,Electronics,UK,2024-06-17,0,20.82,5,0.0,Card,50,Standard
INV10184,1870,337,Fashion,Germany,2024-04-14,4,75.08,5,285.3,Bank Transfer,42,Platinum
INV10185,1794,223,Fashion,Germany,2024-03-30,-2,57.06,15,-97.0,PayPal,33,Platinum
INV10186,1392,353,Sports,UK,2024-04-06,-1,69.5,20,-55.6,Card,47,Standard
INV10187,1206,236,Home,Spain,2024-07-22,7,96.84,5,643.99,Card,51,Platinum
INV10188,1014,253,Sports,UK,2024-11-15,5,59.48,10,267.66,Cash,19,Standard
INV10189,1857,302,Sports,France,2024-07-17,8,80.49,5,611.72,PayPal,57,Gold
INV10190,1553,348,Electronics,Germany,2024-03-14,6,69.02,5,393.41,Cash,61,Gold
INV10191,1891,237,Books,France,2024-02-10,6,61.76,10,333.5,Card,60,Gold
INV10192,1460,373,Electronics,Spain,2024-08-16,5,16.42,0,82.1,PayPal,55,Gold
INV10193,1690,203,Sports,France,2024-05-16,6,2.59,0,15.54,Bank Transfer,68,Gold
INV10194,1574,387,Fashion,Spain,2024-04-03,1,92.75,20,74.2,Card,35,Platinum
INV10195,1863,256,Books,France,2024-07-01,5,72.04,20,288.16,Card,22,Platinum
INV10196,1742,372,Fashion,France,2024-07-30,5,9.93,0,49.65,Cash,64,Platinum
INV10197,1240,219,Electronics,France,2024-06-05,2,60.74,0,121.48,Bank Transfer,57,Silver
INV10198,1563,216,Home,Spain,2024-09-21,1,95.3,15,81.0,Card,23,Silver
INV10199,1095,318,Home,France,2024-01-26,8,47.57,20,304.45,Cash,29,Standard
INV10200,1899,270,Electronics,France,2024-06-29,6,69.76,15,355.78,Cash,68,Silver
INV10201,1733,203,Home,UK,2024-03-16,0,36.46,5,0.0,Card,29,Gold
INV10202,1484,213,Home,UK,2024-02-24,-2,32.59,10,-58.66,PayPal,29,Gold
INV10203,1406,202,Sports,UK,2024-04-27,7,37.6,15,223.72,Card,26,Gold
INV10204,1230,279,Books,France,2024-11-13,4,35.24,15,119.82,Bank Transfer,59,Standard
INV10205,1748,385,Fashion,Spain,2024-06-05,-2,7.02,5,-13.34,Card,39,Standard
INV10206,1654,254,Electronics,France,2024-10-25,4,36.98,15,125.73,PayPal,66,Standard
INV10207,1170,331,Fashion,UK,2024-10-27,7,22.0,0,154.0,Cash,67,Standard
INV10208,1540,319,Sports,UK,2024-01-02,1,23.17,15,19.69,Bank Transfer,33,Platinum
INV10209,1035,223,Fashion,Spain,2024-09-25,9,48.56,15,371.48,Bank Transfer,21,Standard
INV10210,1524,361,Fashion,UK,2024-10-30,5,68.71,15,292.02,Bank Transfer,67,Standard
INV10211,1159,357,Electronics,Germany,2024-03-19,1,7.27,5,6.91,Bank Transfer,20,Silver
INV10212,1838,281,Fashion,Spain,2024-10-02,4,39.99,15,135.97,PayPal,33,Platinum
INV10213,1698,346,Fashion,Spain,2024-04-09,8,93.99,15,639.13,PayPal,31,Gold
INV10214,1242,358,Books,Spain,2024-12-21,0,35.48,20,0.0,PayPal,58,Silver
INV10215,1085,387,Home,France,2024-08-09,3,12.6,15,32.13,PayPal,55,Standard
INV10216,1795,259,Sports,Germany,2024-02-22,2,40.58,10,73.04,Cash,21,Gold
INV10217,1577,346,Books,Germany,2024-05-22,8,10.26,10,73.87,Card,19,Gold
INV10218,1681,248,Books,UK,2024-09-27,0,18.22,20,0.0,PayPal,27,Gold
INV10219,1556,262,Fashion,UK,2024-11-23,0,21.26,0,0.0,Card,28,Silver
INV10220,1573,309,Books,Germany,2024-04-28,2,83.98,5,159.56,Bank Transfer,56,Platinum
INV10221,1952,349,Sports,Germany,2024-08-25,4,72.49,15,246.47,Cash,43,Platinum
INV10222,1645,351,Electronics,UK,2024-08-10,-1,7.18,5,-6.82,Cash,54,Gold
INV10223,1795,308,Fashion,UK,2024-12-19,0,49.26,15,0.0,Card,43,Standard
INV10224,1027,275,Sports,France,2024-07-15,7,71.75,0,502.25,Card,21,Platinum
INV10225,1619,229,Fashion,France,2024-09-18,0,92.42,0,0.0,Card,43,Platinum
INV10226,1555,257,Electronics,Germany,2024-05-19,5,34.18,10,153.81,Cash,55,Standard
INV10227,1339,316,Home,Spain,2024-11-04,6,41.97,5,239.23,PayPal,45,Silver
INV10228,1797,358,Sports,UK,2024-12-27,1,21.36,15,18.16,Cash,19,Silver
INV10229,1957,299,Books,France,2024-05-28,9,51.66,5,441.69,PayPal,19,Standard
INV10230,1330,391,Electronics,UK,2024-10-20,9,36.01,15,275.48,Bank Transfer,33,Silver
INV10231,1639,218,Fashion,Germany,2024-05-24,3,86.52,15,220.63,PayPal,40,Gold
INV10232,1505,375,Fashion,Spain,2024-07-18,0,74.59,10,0.0,Card,40,Platinum
INV10233,1347,372,Electronics,France,2024-02-08,2,52.77,20,84.43,PayPal,30,Silver
INV10234,1472,293,Sports,UK,2024-08-31,5,48.59,5,230.8,PayPal,38,Gold
INV10235,1230,382,Fashion,France,2024-06-28,9,25.5,10,206.55,Cash,56,Gold
INV10236,1189,312,Electronics,Germany,2024-10-05,7,8.07,5,53.67,Card,42,Gold
INV10237,1224,382,Electronics,UK,2024-09-14,-1,41.43,20,-33.14,Bank Transfer,54,Gold
INV10238,1384,345,Fashion,Spain,2024-10-17,-1,11.86,20,-9.49,PayPal,66,Gold
INV10239,1376,262,Books,France,2024-06-20,0,58.61,5,0.0,Bank Transfer,30,Standard
INV10240,1282,315,Electronics,Germany,2024-07-12,2,11.75,15,19.97,Card,32,Platinum
INV10241,1957,312,Books,Spain,2024-03-29,7,57.33,0,401.31,PayPal,45,Platinum
INV10242,1632,246,Books,France,2024-10-01,1,85.12,5,80.86,Cash,20,Standard
INV10243,1627,256,Sports,Spain,2024-02-03,7,76.26,0,533.82,Bank Transfer,40,Standard
INV10244,1972,317,Electronics,Spain,2024-01-05,2,13.1,5,24.89,Cash,21,Gold
INV10245,1744,244,Home,UK,2024-09-15,7,55.55,20,311.08,Bank Transfer,64,Silver
INV10246,1258,360,Fashion,Germany,2024-03-16,7,52.5,5,349.12,Card,67,Platinum
INV10247,1358,344,Fashion,UK,2024-09-14,-1,3.57,15,-3.03,PayPal,20,Silver
INV10248,1709,397,Sports,Spain,2024-05-30,2,40.62,5,77.18,Bank Transfer,56,Platinum
INV10249,1455,203,Books,UK,2024-01-05,5,75.13,0,375.65,Cash,25,Gold
INV10250,1410,347,Electronics,UK,2024-06-26,8,90.13,20,576.83,Bank Transfer,60,Silver
INV10251,1648,246,Home,Germany,2024-05-22,7,48.68,15,289.65,Bank Transfer,42,Platinum
INV10252,1317,342,Sports,Germany,2024-04-17,1,76.13,0,76.13,Bank Transfer,58,Platinum
INV10253,1676,397,Books,Spain,2024-08-24,7,94.53,20,529.37,Bank Transfer,69,Gold
INV10254,1224,246,Home,Spain,2024-07-07,-2,98.5,20,-157.6,Bank Transfer,29,Silver
INV10255,1818,277,Fashion,UK,2024-10-26,1,84.18,20,67.34,Bank Transfer,22,Gold
INV10256,1233,323,Sports,UK,2024-01-12,9,39.45,0,355.05,Cash,50,Silver
INV10257,1683,274,Home,UK,2024-08-13,2,91.5,15,155.55,Bank Transfer,63,Silver
INV10258,1663,302,Home,France,2024-11-19,4,94.25,5,358.15,Bank Transfer,42,Platinum
INV10259,1974,336,Books,Spain,2024-11-02,2,34.55,0,69.1,Bank Transfer,42,Standard
INV10260,1826,289,Books,Germany,2024-06-30,7,5.18,20,29.01,PayPal,52,Silver
INV10261,1373,343,Fashion,Spain,2024-10-18,0,21.94,15,0.0,Card,32,Silver
INV10262,1671,268,Sports,UK,2024-01-09,6,41.7,5,237.69,Card,59,Gold
INV10263,1607,260,Electronics,Germany,2024-08-13,2,19.7,10,35.46,Card,43,Silver
INV10264,1471,337,Electronics,Germany,2024-07-25,6,60.12,20,288.58,Cash,27,Silver
INV10265,1232,249,Sports,UK,2024-12-19,9,24.38,15,186.51,Cash,41,Silver
INV10266,1691,202,Electronics,Spain,2024-09-07,7,38.2,5,254.03,Cash,52,Silver
INV10267,1112,306,Fashion,UK,2024-10-20,8,86.83,5,659.91,Bank Transfer,46,Silver
INV10268,1829,312,Home,UK,2024-11-19,4,43.09,0,172.36,Card,55,Standard
INV10269,1496,293,Home,Germany,2024-04-07,4,27.13,0,108.52,Bank Transfer,22,Platinum
INV10270,1441,317,Fashion,Spain,2024-07-03,4,91.17,15,309.98,PayPal,41,Silver
INV10271,1563,397,Sports,Germany,2024-08-01,8,46.78,15,318.1,Card,36,Gold
INV10272,1267,280,Fashion,Germany,2024-05-03,-2,10.16,0,-20.32,PayPal,63,Gold
INV10273,1509,308,Sports,Germany,2024-02-13,-2,12.89,20,-20.62,PayPal,66,Silver
INV10274,1806,250,Sports,Germany,2024-05-30,7,82.99,20,464.74,Bank Transfer,61,Silver
INV10275,1385,346,Electronics,France,2024-02-06,9,32.52,20,234.14,Card,26,Silver
INV10276,1386,369,Sports,Spain,2024-11-03,0,31.88,5,0.0,PayPal,43,Standard
INV10277,1112,234,Sports,UK,2024-03-08,0,48.22,0,0.0,Card,42,Platinum
INV10278,1612,245,Fashion,Spain,2024-02-11,8,94.11,20,602.3,PayPal,52,Gold
INV10279,1624,353,Fashion,France,2024-01-10,6,19.56,20,93.89,PayPal,67,Standard
INV10280,1951,268,Books,Spain,2024-07-11,3,36.48,10,98.5,Bank Transfer,53,Standard
INV10281,1080,292,Books,UK,2024-09-21,9,96.22,20,692.78,Card,31,Silver
INV10282,1698,263,Sports,UK,2024-10-22,-2,77.9,0,-155.8,Bank Transfer,23,Platinum
INV10283,1112,364,Sports,France,2024-06-09,3,46.79,10,126.33,Bank Transfer,49,Silver
INV10284,1001,248,Home,UK,2024-10-18,5,89.54,20,358.16,Bank Transfer,43,Gold
INV10285,1641,348,Electronics,Germany,2024-08-06,7,26.59,0,186.13,Bank Transfer,32,Platinum
INV10286,1219,273,Sports,France,2024-06-30,2,94.65,15,160.9,Bank Transfer,66,Silver
INV10287,1565,391,Fashion,Germany,2024-07-16,6,95.97,20,460.66,PayPal,48,Gold
INV10288,1854,204,Electronics,UK,2024-10-03,6,29.34,0,176.04,Card,54,Standard
INV10289,1996,299,Electronics,Germany,2024-08-24,0,10.09,10,0.0,Card,55,Gold
INV10290,1735,269,Sports,Spain,2024-04-18,3,8.26,15,21.06,Bank Transfer,54,Gold
INV10291,1224,289,Books,UK,2024-03-27,-1,31.72,10,-28.55,Card,36,Gold
INV10292,1384,203,Home,Germany,2024-04-27,6,2.61,5,14.88,PayPal,31,Platinum
INV10293,1402,325,Electronics,UK,2024-10-09,7,96.15,15,572.09,Bank Transfer,53,Standard
INV10294,1637,238,Home,UK,2024-11-20,-1,46.09,15,-39.18,Cash,54,Platinum
INV10295,1129,362,Electronics,Germany,2024-02-05,4,86.98,10,313.13,Cash,28,Standard
INV10296,1052,328,Books,France,2024-07-22,5,18.58,0,92.9,PayPal,44,Silver
INV10297,1683,223,Sports,Germany,2024-05-31,1,61.12,0,61.12,PayPal,19,Silver
INV10298,1729,256,Home,Spain,2024-07-28,2,52.49,0,104.98,Cash,39,Gold
INV10299,1671,299,Home,Germany,2024-07-27,-2,85.48,10,-153.86,Bank Transfer,19,Gold
INV10300,1709,269,Electronics,Germany,2024-07-06,-2,36.0,15,-61.2,PayPal,37,Platinum
INV10301,1415,240,Books,Spain,2024-05-27,0,58.5,10,0.0,Cash,61,Standard
INV10302,1246,381,Electronics,France,2024-02-16,-2,20.38,20,-32.61,Bank Transfer,65,Standard
INV10303,1835,373,Fashion,Spain,2024-01-27,8,2.89,15,19.65,PayPal,34,Standard
INV10304,1438,259,Books,France,2024-03-12,9,86.62,0,779.58,Card,21,Gold
INV10305,1202,307,Sports,France,2024-02-07,3,92.73,5,264.28,Card,31,Gold
INV10306,1183,387,Electronics,France,2024-07-18,8,40.66,10,292.75,Card,24,Standard
INV10307,1122,256,Sports,France,2024-01-04,0,95.9,20,0.0,Bank Transfer,32,Gold
INV10308,1400,230,Sports,Spain,2024-07-12,4,96.73,0,386.92,PayPal,47,Standard
INV10309,1766,283,Books,France,2024-11-06,8,18.96,15,128.93,Cash,33,Platinum
INV10310,1293,351,Electronics,Germany,2024-07-03,1,82.53,0,82.53,PayPal,57,Silver
INV10311,1279,235,Fashion,France,2024-12-23,9,94.95,15,726.37,Card,19,Standard
INV10312,1836,357,Fashion,France,2024-04-17,9,97.54,5,833.97,Card,36,Gold
INV10313,1883,351,Home,Spain,2024-04-28,7,79.06,0,553.42,Bank Transfer,18,Platinum
INV10314,1609,307,Fashion,Germany,2024-02-13,-1,8.28,20,-6.62,Cash,48,Gold
INV10315,1197,305,Home,Germany,2024-08-01,3,84.69,5,241.37,Bank Transfer,21,Gold
INV10316,1981,357,Books,Spain,2024-04-02,3,95.42,10,257.63,Cash,44,Gold
INV10317,1906,285,Sports,France,2024-08-18,-2,62.78,5,-119.28,PayPal,42,Standard
INV10318,1510,334,Books,Spain,2024-08-06,5,25.4,10,114.3,Bank Transfer,39,Platinum
INV10319,1751,362,Home,Germany,2024-09-15,0,15.65,15,0.0,Bank Transfer,60,Standard
INV10320,1143,382,Sports,UK,2024-10-22,1,25.68,10,23.11,Bank Transfer,27,Silver
INV10321,1608,213,Home,France,2024-09-29,1,75.17,20,60.14,Card,67,Standard
INV10322,1200,319,Electronics,UK,2024-09-14,1,32.66,10,29.39,Card,50,Silver
INV10323,1123,337,Sports,Spain,2024-06-19,6,78.22,5,445.85,Cash,66,Platinum
INV10324,1186,279,Home,Germany,2024-08-03,8,77.09,10,555.05,PayPal,65,Platinum
INV10325,1325,343,Electronics,UK,2024-06-29,2,69.91,20,111.86,Bank Transfer,61,Standard
INV10326,1463,381,Electronics,UK,2024-02-09,9,54.08,5,462.38,Card,47,Standard
INV10327,1348,305,Home,Germany,2024-01-05,3,57.69,20,138.46,Bank Transfer,47,Gold
INV10328,1770,269,Fashion,France,2024-04-25,7,58.77,20,329.11,Cash,33,Silver
INV10329,1659,243,Books,Germany,2024-03-06,-1,45.57,10,-41.01,Cash,26,Gold
INV10330,1763,272,Electronics,France,2024-07-17,3,19.81,15,50.52,PayPal,34,Gold
INV10331,1954,244,Books,Germany,2024-03-31,4,92.92,10,334.51,Cash,52,Platinum
INV10332,1931,383,Electronics,Germany,2024-09-08,3,31.58,15,80.53,Bank Transfer,67,Standard
INV10333,1402,306,Electronics,Spain,2024-10-15,-2,83.76,20,-134.02,PayPal,64,Platinum
INV10334,1345,283,Fashion,France,2024-10-19,3,81.06,20,194.54,PayPal,32,Standard
INV10335,1962,281,Fashion,Germany,2024-06-24,0,30.68,5,0.0,Card,65,Platinum
INV10336,1510,306,Home,France,2024-06-04,9,79.91,0,719.19,Bank Transfer,45,Platinum
INV10337,1146,384,Home,UK,2024-04-01,-1,53.76,0,-53.76,Cash,37,Platinum
INV10338,1147,220,Books,Germany,2024-12-15,2,14.65,15,24.9,Card,50,Silver
INV10339,1863,395,Fashion,Germany,2024-02-22,7,62.91,5,418.35,Bank Transfer,50,Platinum
INV10340,1710,377,Fashion,UK,2024-08-11,8,39.74,15,270.23,Bank Transfer,53,Silver
INV10341,1819,360,Electronics,Spain,2024-12-14,7,51.69,10,325.65,PayPal,30,Platinum
INV10342,1488,206,Sports,France,2024-01-03,3,64.63,10,174.5,PayPal,21,Standard
INV10343,1928,269,Home,UK,2024-12-23,5,29.35,15,124.74,Bank Transfer,40,Silver
INV10344,1935,326,Books,Germany,2024-08-10,7,9.35,0,65.45,Card,25,Standard
INV10345,1639,342,Sports,Germany,2024-04-20,3,97.61,10,263.55,PayPal,30,Standard
INV10346,1550,359,Home,Germany,2024-04-12,-1,88.17,10,-79.35,PayPal,41,Standard
INV10347,1337,347,Home,Germany,2024-02-20,-2,91.36,15,-155.31,Bank Transfer,57,Silver
INV10348,1871,342,Books,Spain,2024-03-09,-1,82.99,15,-70.54,Bank Transfer,63,Gold
INV10349,1640,375,Books,Germany,2024-01-10,6,43.84,15,223.58,PayPal,47,Silver
INV10350,1778,398,Electronics,Germany,2024-11-21,-1,32.54,20,-26.03,Card,47,Gold
INV10351,1987,348,Fashion,UK,2024-12-11,-2,98.14,20,-157.02,PayPal,42,Silver
INV10352,1952,369,Books,France,2024-09-27,3,32.08,5,91.43,Bank Transfer,50,Platinum
INV10353,1472,353,Home,Spain,2024-02-16,8,12.05,20,77.12,PayPal,26,Gold
INV10354,1945,319,Books,France,2024-06-03,5,98.34,10,442.53,Bank Transfer,43,Platinum
INV10355,1150,327,Electronics,Germany,2024-09-20,3,51.1,10,137.97,PayPal,41,Gold
INV10356,1414,341,Home,France,2024-12-06,-2,55.96,20,-89.54,Bank Transfer,50,Silver
INV10357,1989,256,Fashion,UK,2024-04-02,5,6.78,5,32.2,Bank Transfer,56,Silver
INV10358,1297,364,Fashion,UK,2024-03-20,6,10.95,5,62.41,Card,42,Gold
INV10359,1610,257,Electronics,Spain,2024-04-02,1,20.45,20,16.36,Bank Transfer,69,Platinum
INV10360,1262,220,Electronics,UK,2024-03-13,3,6.8,20,16.32,PayPal,62,Standard
INV10361,1763,281,Fashion,UK,2024-10-31,6,60.44,20,290.11,Bank Transfer,32,Gold
INV10362,1143,268,Books,France,2024-05-14,8,84.16,20,538.62,Cash,58,Gold
INV10363,1345,330,Fashion,France,2024-11-17,7,36.54,10,230.2,PayPal,65,Platinum
INV10364,1623,286,Electronics,Germany,2024-11-25,6,76.41,10,412.61,Card,66,Standard
INV10365,1571,364,Home,France,2024-05-04,7,20.04,20,112.22,PayPal,58,Gold
INV10366,1880,248,Fashion,France,2024-03-22,7,62.59,5,416.22,Card,23,Standard
INV10367,1001,346,Sports,Germany,2024-01-24,4,81.3,20,260.16,Cash,37,Standard
INV10368,1896,314,Home,UK,2024-04-26,1,64.76,0,64.76,Card,61,Silver
INV10369,1303,288,Home,France,2024-11-06,1,95.49,0,95.49,Bank Transfer,33,Platinum
INV10370,1253,284,Books,France,2024-11-28,8,23.34,15,158.71,Cash,38,Gold
INV10371,1651,327,Home,Spain,2024-01-28,-2,3.44,5,-6.54,Cash,32,Gold
INV10372,1452,339,Electronics,Germany,2024-07-25,1,91.35,10,82.22,Card,56,Standard
INV10373,1036,388,Fashion,Germany,2024-03-08,6,36.38,0,218.28,PayPal,59,Gold
INV10374,1159,368,Fashion,Germany,2024-04-12,8,92.95,20,594.88,Card,21,Standard
INV10375,1008,360,Home,Spain,2024-01-07,6,36.75,10,198.45,Card,41,Gold
INV10376,1232,377,Fashion,UK,2024-05-11,-2,89.79,20,-143.66,Cash,20,Platinum
INV10377,1098,316,Sports,UK,2024-01-01,1,46.38,15,39.42,Bank Transfer,67,Gold
INV10378,1658,395,Electronics,Germany,2024-08-04,9,20.45,15,156.44,PayPal,18,Standard
INV10379,1815,326,Home,France,2024-08-03,7,52.3,20,292.88,Card,47,Standard
INV10380,1207,270,Books,Spain,2024-06-12,8,73.9,20,472.96,Bank Transfer,30,Gold
INV10381,1130,285,Fashion,France,2024-06-17,1,92.53,20,74.02,Bank Transfer,35,Gold
INV10382,1403,232,Sports,Spain,2024-10-26,-1,54.65,20,-43.72,PayPal,57,Standard
INV10383,1151,280,Fashion,UK,2024-09-29,4,3.73,20,11.94,Bank Transfer,28,Silver
INV10384,1053,351,Electronics,UK,2024-01-02,9,57.81,0,520.29,Card,59,Silver
INV10385,1119,260,Electronics,Germany,2024-12-24,1,2.67,10,2.4,Cash,46,Gold
INV10386,1672,260,Fashion,Germany,2024-10-23,7,25.87,15,153.93,Bank Transfer,21,Platinum
INV10387,1919,297,Sports,Spain,2024-01-29,0,86.0,5,0.0,Cash,42,Gold
INV10388,1627,227,Home,UK,2024-12-02,4,23.34,15,79.36,PayPal,53,Platinum
INV10389,1586,385,Home,UK,2024-03-09,7,93.75,5,623.44,PayPal,53,Gold
INV10390,1624,242,Sports,Spain,2024-05-25,7,74.27,0,519.89,Bank Transfer,61,Standard
INV10391,1967,368,Books,France,2024-05-22,6,28.6,20,137.28,Cash,57,Gold
INV10392,1419,366,Books,Spain,2024-03-22,3,72.5,20,174.0,Card,45,Platinum
INV10393,1421,285,Home,France,2024-04-23,-1,16.32,15,-13.87,Cash,62,Platinum
INV10394,1103,376,Fashion,France,2024-09-11,7,12.53,20,70.17,Bank Transfer,25,Gold
INV10395,1851,216,Electronics,France,2024-07-14,1,82.33,0,82.33,Cash,38,Gold
INV10396,1253,297,Sports,UK,2024-01-08,4,66.96,15,227.66,Cash,52,Silver
INV10397,1226,397,Books,Germany,2024-02-14,9,77.46,20,557.71,PayPal,61,Gold
INV10398,1111,397,Home,France,2024-04-23,6,8.05,0,48.3,Bank Transfer,35,Gold
INV10399,1509,297,Electronics,UK,2024-10-12,9,78.61,5,672.12,Cash,64,Standard
INV10400,1472,264,Sports,UK,2024-06-27,6,35.54,10,191.92,Bank Transfer,42,Platinum
INV10401,1098,273,Fashion,UK,2024-09-02,4,98.65,0,394.6,Card,63,Silver
INV10402,1152,284,Fashion,Spain,2024-11-28,6,66.48,15,339.05,Bank Transfer,58,Standard
INV10403,1860,204,Fashion,Spain,2024-11-07,2,45.7,15,77.69,Card,22,Gold
INV10404,1913,201,Books,France,2024-03-11,8,37.36,5,283.94,Bank Transfer,64,Platinum
INV10405,1895,221,Books,Germany,2024-01-26,3,59.06,10,159.46,Bank Transfer,25,Gold
INV10406,1877,311,Home,Spain,2024-07-04,6,81.97,20,393.46,Cash,40,Gold
INV10407,1337,256,Sports,France,2024-01-11,-2,88.89,0,-177.78,Cash,20,Gold
INV10408,1705,265,Books,Spain,2024-04-13,4,91.2,5,346.56,Card,61,Gold
INV10409,1821,273,Home,France,2024-04-23,1,3.63,20,2.9,Card,54,Platinum
INV10410,1162,297,Fashion,UK,2024-11-24,8,74.13,15,504.08,PayPal,48,Standard
INV10411,1719,343,Home,UK,2024-11-26,0,85.45,0,0.0,Cash,46,Gold
INV10412,1956,311,Fashion,Germany,2024-07-08,5,69.6,10,313.2,Card,58,Gold
INV10413,1680,378,Books,Germany,2024-07-06,0,52.77,5,0.0,Cash,37,Silver
INV10414,1995,324,Home,UK,2024-01-16,6,16.26,20,78.05,Bank Transfer,20,Silver
INV10415,1160,366,Books,France,2024-08-07,4,39.52,15,134.37,PayPal,40,Platinum
INV10416,1579,285,Books,France,2024-09-25,2,83.33,5,158.33,Cash,57,Gold
INV10417,1800,275,Home,France,2024-08-29,9,67.59,0,608.31,Cash,38,Gold
INV10418,1397,287,Electronics,France,2024-06-24,2,63.43,20,101.49,Cash,30,Gold
INV10419,1276,367,Electronics,France,2024-02-15,-2,14.81,5,-28.14,Cash,25,Platinum
INV10420,1815,237,Home,UK,2024-03-12,-1,46.21,5,-43.9,Card,22,Platinum
INV10421,1915,387,Fashion,France,2024-05-29,9,20.85,20,150.12,Card,42,Gold
INV10422,1503,258,Home,France,2024-10-04,3,95.32,15,243.07,PayPal,56,Gold
INV10423,1895,337,Electronics,UK,2024-07-31,0,14.68,5,0.0,Bank Transfer,54,Platinum
INV10424,1391,298,Electronics,Germany,2024-02-21,6,19.8,10,106.92,Bank Transfer,58,Gold
INV10425,1134,391,Home,France,2024-02-03,-1,85.61,5,-81.33,PayPal,22,Standard
INV10426,1194,262,Home,France,2024-09-03,0,52.69,5,0.0,Bank Transfer,25,Standard
INV10427,1400,248,Electronics,Spain,2024-05-12,-2,72.06,5,-136.91,Card,61,Platinum
INV10428,1639,391,Books,UK,2024-03-31,0,26.05,15,0.0,Cash,21,Standard
INV10429,1032,231,Sports,UK,2024-10-23,9,62.22,5,531.98,Bank Transfer,58,Silver
INV10430,1687,334,Sports,Germany,2024-11-09,-1,4.42,10,-3.98,Cash,39,Gold
INV10431,1459,220,Fashion,UK,2024-10-25,0,64.26,15,0.0,Cash,31,Silver
INV10432,1954,219,Fashion,Spain,2024-08-02,7,12.16,10,76.61,Card,36,Silver
INV10433,1882,353,Fashion,UK,2024-07-13,-1,68.66,10,-61.79,Cash,30,Silver
INV10434,1469,326,Electronics,UK,2024-11-18,7,79.43,0,556.01,Bank Transfer,52,Standard
INV10435,1374,267,Books,UK,2024-11-16,3,32.27,0,96.81,Card,21,Gold
INV10436,1021,309,Sports,Spain,2024-01-28,2,84.73,10,152.51,PayPal,50,Gold
INV10437,1749,315,Sports,Germany,2024-03-16,-2,90.96,5,-172.82,Card,39,Platinum
INV10438,1669,342,Electronics,UK,2024-09-23,4,79.55,20,254.56,Bank Transfer,18,Silver
INV10439,1037,319,Fashion,Spain,2024-06-09,2,6.89,0,13.78,Card,28,Standard
INV10440,1229,278,Home,Spain,2024-01-31,4,65.22,20,208.7,Bank Transfer,33,Silver
INV10441,1364,315,Electronics,Germany,2024-08-14,8,16.02,5,121.75,Bank Transfer,21,Silver
INV10442,1562,291,Fashion,UK,2024-06-28,-1,67.26,20,-53.81,Card,46,Gold
INV10443,1437,213,Sports,France,2024-01-25,2,47.04,20,75.26,Bank Transfer,56,Platinum
INV10444,1775,354,Electronics,UK,2024-11-18,-1,77.02,5,-73.17,PayPal,61,Standard
INV10445,1282,324,Books,Germany,2024-02-17,-2,54.58,20,-87.33,Bank Transfer,55,Gold
INV10446,1026,367,Sports,France,2024-09-17,6,10.21,10,55.13,PayPal,41,Silver
INV10447,1225,257,Electronics,Germany,2024-11-04,-1,63.43,20,-50.74,PayPal,69,Gold
INV10448,1276,227,Fashion,Spain,2024-01-16,1,51.18,0,51.18,Bank Transfer,26,Silver
INV10449,1797,225,Books,France,2024-02-08,-1,27.55,20,-22.04,Cash,25,Standard
INV10450,1608,312,Electronics,Spain,2024-06-26,6,11.73,15,59.82,PayPal,31,Gold
INV10451,1283,390,Sports,UK,2024-11-14,9,36.89,5,315.41,PayPal,32,Gold
INV10452,1878,265,Fashion,Spain,2024-10-31,2,25.1,0,50.2,Card,39,Gold
INV10453,1959,352,Books,Spain,2024-11-06,-1,86.93,5,-82.58,PayPal,54,Gold
INV10454,1480,330,Books,Germany,2024-09-01,0,17.76,5,0.0,PayPal,32,Gold
INV10455,1452,399,Electronics,Germany,2024-02-26,-2,9.74,20,-15.58,PayPal,23,Standard
INV10456,1828,243,Sports,France,2024-10-01,8,95.13,20,608.83,PayPal,18,Platinum
INV10457,1815,296,Fashion,Germany,2024-08-25,2,50.31,20,80.5,Cash,37,Standard
INV10458,1658,241,Electronics,UK,2024-07-07,-2,83.53,5,-158.71,PayPal,58,Gold
INV10459,1515,205,Home,Spain,2024-04-10,3,58.13,10,156.95,Bank Transfer,53,Silver
INV10460,1546,366,Fashion,France,2024-12-09,-1,34.74,15,-29.53,Cash,19,Silver
INV10461,1191,379,Books,UK,2024-08-09,2,12.41,5,23.58,PayPal,23,Gold
INV10462,1048,222,Fashion,Spain,2024-01-12,-2,5.45,10,-9.81,Bank Transfer,19,Platinum
INV10463,1511,288,Home,Spain,2024-09-29,0,45.84,5,0.0,Bank Transfer,20,Gold
INV10464,1016,322,Sports,UK,2024-03-06,6,50.76,10,274.1,Cash,24,Standard
INV10465,1171,377,Home,Spain,2024-04-12,6,71.51,20,343.25,Cash,37,Platinum
INV10466,1219,370,Books,France,2024-08-24,-2,72.83,20,-116.53,Bank Transfer,66,Platinum
INV10467,1157,346,Fashion,Germany,2024-11-10,7,82.19,5,546.56,Cash,58,Standard
INV10468,1476,396,Fashion,Spain,2024-01-24,7,28.22,15,167.91,Cash,58,Platinum
INV10469,1045,250,Sports,France,2024-02-06,3,74.01,10,199.83,Card,68,Gold
INV10470,1372,210,Sports,France,2024-12-27,7,50.37,10,317.33,Cash,22,Gold
INV10471,1517,211,Sports,Germany,2024-08-22,3,7.1,20,17.04,Card,42,Silver
INV10472,1098,273,Home,Spain,2024-01-15,8,80.62,15,548.22,Cash,55,Standard
INV10473,1891,207,Fashion,Germany,2024-12-29,8,38.85,20,248.64,Cash,35,Platinum
INV10474,1744,351,Sports,France,2024-11-01,-1,62.81,15,-53.39,Bank Transfer,18,Platinum
INV10475,1036,240,Home,Germany,2024-07-12,3,64.47,5,183.74,Card,42,Platinum
INV10476,1279,363,Books,France,2024-02-19,8,74.56,10,536.83,Cash,34,Gold
INV10477,1348,284,Home,Germany,2024-07-09,3,41.56,0,124.68,PayPal,63,Standard
INV10478,1496,271,Sports,Germany,2024-10-21,9,54.94,20,395.57,Cash,32,Gold
INV10479,1301,254,Home,Spain,2024-03-26,6,74.85,10,404.19,Bank Transfer,22,Platinum
INV10480,1180,336,Fashion,Germany,2024-05-20,2,17.17,15,29.19,Bank Transfer,34,Gold
INV10481,1606,246,Electronics,Germany,2024-04-10,2,26.96,0,53.92,Bank Transfer,38,Platinum
INV10482,1098,342,Home,UK,2024-12-02,2,15.93,0,31.86,Card,40,Platinum
INV10483,1699,375,Sports,Spain,2024-01-12,8,17.63,10,126.94,Card,60,Gold
INV10484,1992,303,Electronics,Spain,2024-05-14,-1,33.24,20,-26.59,Card,27,Platinum
INV10485,1115,241,Home,Spain,2024-09-18,9,40.17,0,361.53,PayPal,34,Gold
INV10486,1190,259,Fashion,Spain,2024-02-16,8,16.27,20,104.13,Card,18,Silver
INV10487,1252,397,Fashion,Spain,2024-11-27,8,64.59,0,516.72,Bank Transfer,54,Gold
INV10488,1980,211,Books,France,2024-08-21,6,95.6,15,487.56,Card,65,Silver
INV10489,1927,329,Sports,Germany,2024-07-28,0,77.19,5,0.0,Card,24,Silver
INV10490,1982,206,Books,UK,2024-04-09,-1,79.32,5,-75.35,Cash,29,Gold
INV10491,1160,279,Fashion,UK,2024-10-19,2,12.27,5,23.31,Card,57,Standard
INV10492,1255,330,Sports,Germany,2024-02-22,-1,37.44,15,-31.82,Cash,67,Standard
INV10493,1322,308,Fashion,Spain,2024-04-21,-1,95.68,5,-90.9,Card,18,Gold
INV10494,1127,202,Books,Germany,2024-12-29,6,58.7,15,299.37,Cash,37,Gold
INV10495,1017,226,Sports,Germany,2024-12-25,7,97.26,10,612.74,Bank Transfer,61,Platinum
INV10496,1792,313,Fashion,France,2024-02-27,0,40.29,20,0.0,Card,48,Platinum
INV10497,1734,306,Electronics,Spain,2024-06-21,6,76.18,5,434.23,Bank Transfer,21,Gold
INV10498,1565,239,Electronics,Germany,2024-02-08,7,3.03,15,18.03,Card,43,Standard
INV10499,1569,360,Fashion,Germany,2024-11-19,4,30.14,10,108.5,PayPal,29,Platinum
INV10500,1322,328,Books,Germany,2024-07-24,0,5.65,15,0.0,PayPal,39,Platinum
INV10501,1871,207,Home,UK,2024-04-14,-2,88.52,10,-159.34,Bank Transfer,18,Standard
INV10502,1685,300,Sports,France,2024-09-18,-1,84.57,5,-80.34,Bank Transfer,18,Gold
INV10503,1791,359,Books,Germany,2024-08-09,8,35.41,15,240.79,PayPal,20,Standard
INV10504,1625,323,Books,UK,2024-07-20,-1,92.98,5,-88.33,PayPal,29,Silver
INV10505,1287,375,Sports,UK,2024-04-20,-1,96.24,20,-76.99,Cash,38,Platinum
INV10506,1942,306,Home,Spain,2024-06-03,3,21.1,20,50.64,Card,30,Platinum
INV10507,1853,300,Books,UK,2024-09-20,-2,71.93,0,-143.86,PayPal,30,Platinum
INV10508,1662,203,Home,France,2024-07-17,6,10.34,0,62.04,Bank Transfer,58,Standard
INV10509,1961,397,Electronics,Germany,2024-09-08,2,99.28,5,188.63,Bank Transfer,35,Standard
INV10510,1638,309,Home,Spain,2024-01-08,4,70.81,5,269.08,PayPal,50,Gold
INV10511,1154,218,Books,Germany,2024-12-13,4,49.56,0,198.24,Bank Transfer,23,Platinum
INV10512,1489,231,Electronics,UK,2024-06-23,5,37.56,15,159.63,Card,42,Silver
INV10513,1385,336,Electronics,UK,2024-04-22,1,73.39,20,58.71,Cash,40,Gold
INV10514,1985,211,Fashion,France,2024-09-04,2,32.83,20,52.53,Card,41,Standard
INV10515,1784,338,Sports,UK,2024-08-26,0,51.93,0,0.0,Cash,54,Silver
INV10516,1103,245,Electronics,Germany,2024-01-12,5,20.95,0,104.75,Cash,43,Gold
INV10517,1928,318,Electronics,Germany,2024-04-27,7,7.17,0,50.19,PayPal,21,Standard
INV10518,1392,215,Electronics,Spain,2024-04-27,1,51.85,5,49.26,Bank Transfer,55,Silver
INV10519,1810,328,Home,UK,2024-06-28,1,90.23,15,76.7,Cash,52,Gold
INV10520,1245,262,Sports,Spain,2024-05-14,3,82.8,15,211.14,PayPal,66,Silver
INV10521,1175,308,Fashion,UK,2024-07-10,3,42.58,0,127.74,Bank Transfer,28,Standard
INV10522,1038,318,Fashion,France,2024-08-27,8,19.18,10,138.1,Bank Transfer,53,Gold
INV10523,1476,220,Fashion,UK,2024-11-28,7,54.97,0,384.79,Cash,42,Standard
INV10524,1681,357,Sports,UK,2024-05-09,4,22.49,0,89.96,Bank Transfer,37,Platinum
INV10525,1758,212,Electronics,Spain,2024-06-18,-1,59.05,10,-53.14,Card,18,Platinum
INV10526,1537,361,Electronics,UK,2024-03-25,9,62.31,10,504.71,Bank Transfer,47,Silver
INV10527,1866,203,Books,UK,2024-06-04,2,96.85,10,174.33,Card,21,Platinum
INV10528,1817,355,Home,France,2024-04-18,8,4.73,10,34.06,Bank Transfer,40,Standard
INV10529,1920,301,Electronics,Spain,2024-03-31,4,29.42,5,111.8,Cash,52,Silver
INV10530,1407,258,Sports,Spain,2024-08-25,-2,69.95,5,-132.9,Cash,59,Gold
INV10531,1524,327,Fashion,UK,2024-03-04,8,34.29,15,233.17,PayPal,39,Standard
INV10532,1827,226,Sports,Spain,2024-05-24,8,80.04,5,608.3,Card,48,Gold
INV10533,1505,268,Books,UK,2024-04-09,0,53.23,20,0.0,Card,18,Gold
INV10534,1902,224,Sports,Germany,2024-03-19,7,22.41,15,133.34,Cash,21,Gold
INV10535,1824,330,Electronics,Germany,2024-08-11,6,32.48,15,165.65,Cash,36,Gold
INV10536,1035,296,Sports,Germany,2024-08-13,3,98.86,10,266.92,Cash,47,Standard
INV10537,1684,395,Books,France,2024-05-23,3,59.5,0,178.5,Card,18,Platinum
INV10538,1019,224,Sports,France,2024-07-02,5,78.87,5,374.63,PayPal,65,Standard
INV10539,1320,347,Home,Spain,2024-05-12,6,52.49,15,267.7,Card,36,Platinum
INV10540,1775,361,Books,Spain,2024-02-15,4,13.24,10,47.66,Cash,69,Gold
INV10541,1511,353,Sports,Germany,2024-11-29,3,4.06,10,10.96,PayPal,38,Platinum
INV10542,1399,325,Home,France,2024-04-13,4,16.11,5,61.22,Bank Transfer,39,Gold
INV10543,1653,332,Fashion,France,2024-04-22,-2,8.23,15,-13.99,Bank Transfer,67,Silver
INV10544,1971,388,Books,Germany,2024-07-30,3,33.39,0,100.17,Cash,19,Gold
INV10545,1882,208,Electronics,Germany,2024-12-20,-1,98.23,15,-83.5,PayPal,23,Platinum
INV10546,1470,315,Sports,Germany,2024-11-13,1,70.83,20,56.66,Cash,38,Silver
INV10547,1142,377,Home,France,2024-11-21,8,94.77,5,720.25,Card,50,Silver
INV10548,1091,333,Sports,UK,2024-05-24,8,55.61,5,422.64,Card,36,Gold
INV10549,1353,259,Books,Spain,2024-10-01,5,54.93,15,233.45,PayPal,44,Standard
INV10550,1833,371,Home,Germany,2024-09-18,0,49.28,10,0.0,Cash,54,Platinum
INV10551,1799,320,Home,Germany,2024-06-25,5,28.31,15,120.32,Cash,46,Silver
INV10552,1726,338,Electronics,UK,2024-06-12,-2,61.17,5,-116.22,Bank Transfer,45,Standard
INV10553,1958,393,Fashion,UK,2024-04-02,2,14.8,0,29.6,PayPal,51,Gold
INV10554,1853,374,Home,UK,2024-01-12,4,9.85,5,37.43,Cash,18,Gold
INV10555,1050,307,Sports,UK,2024-05-20,0,81.15,15,0.0,Card,65,Gold
INV10556,1664,307,Electronics,Spain,2024-10-16,4,36.19,20,115.81,Cash,42,Gold
INV10557,1697,330,Books,Germany,2024-12-24,4,10.91,20,34.91,Cash,38,Platinum
INV10558,1574,275,Home,UK,2024-07-12,6,17.26,15,88.03,Card,51,Silver
INV10559,1189,229,Books,Spain,2024-05-03,4,8.53,0,34.12,Card,43,Platinum
INV10560,1124,220,Books,France,2024-10-23,0,9.84,20,0.0,Cash,53,Silver
INV10561,1149,355,Fashion,Germany,2024-04-12,8,92.77,20,593.73,Card,52,Standard
INV10562,1313,389,Home,Germany,2024-07-12,0,67.59,20,0.0,Bank Transfer,40,Standard
INV10563,1569,360,Electronics,UK,2024-03-01,0,63.09,0,0.0,Bank Transfer,34,Silver
INV10564,1341,362,Electronics,UK,2024-05-06,9,52.86,0,475.74,Bank Transfer,64,Gold
INV10565,1304,379,Fashion,Spain,2024-05-18,-2,51.27,5,-97.41,Card,59,Standard
INV10566,1691,233,Sports,UK,2024-02-21,-2,33.09,20,-52.94,Card,29,Platinum
INV10567,1681,240,Electronics,Germany,2024-04-02,0,76.58,10,0.0,Card,61,Silver
INV10568,1837,250,Electronics,France,2024-06-01,1,95.61,20,76.49,PayPal,37,Standard
INV10569,1782,374,Sports,Spain,2024-01-06,-1,58.54,20,-46.83,Card,56,Silver
INV10570,1053,281,Electronics,France,2024-06-15,1,13.44,20,10.75,Bank Transfer,44,Gold
INV10571,1443,257,Electronics,UK,2024-02-15,1,46.33,15,39.38,Bank Transfer,59,Silver
INV10572,1612,274,Home,UK,2024-10-01,5,28.53,15,121.25,Bank Transfer,54,Standard
INV10573,1992,384,Fashion,France,2024-05-29,-2,91.43,15,-155.43,PayPal,37,Silver
INV10574,1263,222,Books,France,2024-03-17,-2,48.13,0,-96.26,Cash,69,Standard
INV10575,1052,375,Home,Germany,2024-04-03,8,36.91,10,265.75,Bank Transfer,28,Standard
INV10576,1571,327,Sports,Spain,2024-10-22,0,28.69,15,0.0,PayPal,45,Standard
INV10577,1619,349,Home,UK,2024-04-30,-2,55.97,15,-95.15,Cash,19,Platinum
INV10578,1004,216,Sports,France,2024-12-21,-1,13.44,10,-12.1,PayPal,41,Gold
INV10579,1102,268,Fashion,UK,2024-08-24,5,78.63,10,353.84,PayPal,33,Gold
INV10580,1195,307,Electronics,Spain,2024-06-01,2,5.56,5,10.56,Cash,29,Silver
INV10581,1773,338,Home,France,2024-07-11,7,21.69,20,121.46,Card,33,Silver
INV10582,1876,293,Sports,France,2024-09-23,9,97.32,5,832.09,Card,53,Standard
INV10583,1991,214,Sports,Spain,2024-10-13,9,56.48,10,457.49,Bank Transfer,19,Gold
INV10584,1883,290,Fashion,Spain,2024-05-31,-2,93.12,0,-186.24,Cash,42,Silver
INV10585,1349,362,Electronics,France,2024-07-06,6,90.87,20,436.18,Bank Transfer,46,Silver
INV10586,1046,232,Home,Germany,2024-07-16,-1,76.12,10,-68.51,PayPal,45,Gold
INV10587,1866,324,Books,Spain,2024-04-01,0,10.87,10,0.0,Card,27,Standard
INV10588,1822,215,Fashion,France,2024-03-11,7,20.58,0,144.06,Bank Transfer,62,Silver
INV10589,1935,361,Fashion,Spain,2024-03-24,-1,44.93,0,-44.93,Bank Transfer,40,Standard
INV10590,1819,265,Books,Germany,2024-03-05,-1,53.08,5,-50.43,Card,49,Gold
INV10591,1655,367,Fashion,UK,2024-05-27,-1,37.18,10,-33.46,PayPal,48,Gold
INV10592,1268,355,Sports,France,2024-03-22,4,31.96,15,108.66,Bank Transfer,36,Silver
INV10593,1369,246,Sports,UK,2024-07-21,-2,14.77,0,-29.54,Bank Transfer,32,Silver
INV10594,1635,366,Books,Spain,2024-01-26,5,83.4,20,333.6,Cash,50,Gold
INV10595,1105,397,Electronics,Germany,2024-06-11,-1,53.7,0,-53.7,Cash,34,Standard
INV10596,1669,347,Fashion,France,2024-10-21,8,52.67,0,421.36,Card,69,Standard
INV10597,1658,323,Home,Spain,2024-05-17,7,36.47,10,229.76,Card,53,Platinum
INV10598,1656,200,Fashion,France,2024-10-14,8,80.7,15,548.76,PayPal,37,Gold
INV10599,1119,399,Electronics,Spain,2024-09-09,7,74.61,10,470.04,PayPal,26,Silver
INV10600,1830,286,Sports,Germany,2024-01-22,7,39.48,0,276.36,Bank Transfer,55,Gold
INV10601,1786,327,Electronics,Spain,2024-02-22,-1,85.42,0,-85.42,Cash,20,Silver
INV10602,1603,390,Sports,UK,2024-04-14,0,66.82,20,0.0,PayPal,19,Standard
INV10603,1057,266,Home,Germany,2024-07-19,3,23.39,5,66.66,Bank Transfer,35,Silver
INV10604,1950,203,Electronics,Germany,2024-02-06,3,10.76,20,25.82,Bank Transfer,40,Platinum
INV10605,1345,385,Books,UK,2024-07-10,4,83.1,20,265.92,Card,36,Standard
INV10606,1740,352,Books,UK,2024-03-06,7,79.09,20,442.9,Cash,24,Platinum
INV10607,1473,246,Electronics,France,2024-05-11,1,2.4,10,2.16,Bank Transfer,52,Gold
INV10608,1116,237,Books,France,2024-09-09,2,57.19,0,114.38,Card,67,Silver
INV10609,1829,342,Fashion,Germany,2024-07-19,8,45.31,0,362.48,Bank Transfer,37,Standard
INV10610,1790,390,Fashion,UK,2024-02-11,9,64.65,20,465.48,Cash,37,Silver
INV10611,1126,220,Electronics,UK,2024-04-14,2,44.52,10,80.14,Bank Transfer,36,Platinum
INV10612,1392,256,Sports,UK,2024-04-14,7,56.67,0,396.69,Bank Transfer,58,Standard
INV10613,1907,316,Sports,UK,2024-10-31,3,58.09,0,174.27,PayPal,33,Platinum
INV10614,1640,380,Fashion,UK,2024-03-02,-2,17.66,20,-28.26,PayPal,55,Standard
INV10615,1057,245,Books,Germany,2024-01-08,7,97.56,15,580.48,Card,38,Gold
INV10616,1633,341,Sports,Spain,2024-07-26,7,30.15,20,168.84,Bank Transfer,46,Gold
INV10617,1512,344,Fashion,UK,2024-01-29,3,61.13,10,165.05,Card,61,Silver
INV10618,1750,238,Electronics,Germany,2024-10-03,-1,59.64,5,-56.66,Cash,55,Platinum
INV10619,1801,336,Books,Spain,2024-05-17,-2,60.69,15,-103.17,Card,62,Platinum
INV10620,1095,298,Electronics,France,2024-08-18,4,93.99,15,319.57,Bank Transfer,41,Standard
INV10621,1637,276,Books,UK,2024-05-12,7,31.74,0,222.18,PayPal,54,Gold
INV10622,1117,314,Home,UK,2024-12-19,-2,26.96,20,-43.14,PayPal,46,Silver
INV10623,1559,333,Books,Germany,2024-11-15,8,63.53,10,457.42,Card,48,Gold
INV10624,1600,350,Books,UK,2024-11-10,-2,74.47,5,-141.49,PayPal,62,Platinum
INV10625,1487,386,Home,Spain,2024-02-17,-1,77.85,0,-77.85,Bank Transfer,69,Silver
INV10626,1236,290,Sports,Spain,2024-02-23,6,51.85,0,311.1,Bank Transfer,56,Gold
INV10627,1884,297,Sports,France,2024-10-16,7,86.23,0,603.61,Cash,29,Gold
INV10628,1896,319,Fashion,France,2024-07-12,8,77.48,5,588.85,PayPal,47,Standard
INV10629,1271,245,Books,Spain,2024-11-01,7,14.19,0,99.33,PayPal,21,Standard
INV10630,1188,237,Books,France,2024-05-26,2,33.67,5,63.97,Cash,47,Platinum
INV10631,1998,341,Home,Spain,2024-10-03,3,62.67,20,150.41,Card,22,Gold
INV10632,1703,299,Fashion,France,2024-07-19,-1,18.36,5,-17.44,Cash,33,Standard
INV10633,1446,271,Books,UK,2024-11-21,0,84.07,15,0.0,PayPal,44,Gold
INV10634,1580,389,Home,UK,2024-06-27,1,24.22,0,24.22,Card,21,Silver
INV10635,1789,234,Home,Spain,2024-06-01,-2,12.51,20,-20.02,Bank Transfer,25,Gold
INV10636,1860,346,Electronics,Germany,2024-06-07,5,63.66,5,302.38,Bank Transfer,65,Gold
INV10637,1246,229,Books,UK,2024-11-17,7,24.92,15,148.27,Cash,25,Platinum
INV10638,1962,277,Books,Germany,2024-06-17,-1,58.65,15,-49.85,Bank Transfer,34,Silver
INV10639,1075,283,Home,UK,2024-04-21,2,34.96,5,66.42,PayPal,63,Silver
INV10640,1153,312,Sports,UK,2024-04-14,-1,19.7,5,-18.72,Cash,61,Standard
INV10641,1655,224,Home,France,2024-05-17,-2,22.18,15,-37.71,PayPal,20,Silver
INV10642,1434,367,Books,UK,2024-06-11,8,93.79,15,637.77,PayPal,44,Platinum
INV10643,1996,287,Home,UK,2024-09-30,-1,66.62,0,-66.62,Card,69,Standard
INV10644,1085,213,Electronics,France,2024-01-31,1,39.59,5,37.61,Card,51,Gold
INV10645,1696,353,Fashion,France,2024-10-07,7,13.31,5,88.51,Card,62,Silver
INV10646,1284,301,Home,Spain,2024-12-07,0,86.17,10,0.0,Bank Transfer,38,Gold
INV10647,1973,349,Electronics,France,2024-12-15,-2,28.86,10,-51.95,Card,60,Standard
INV10648,1219,375,Sports,Germany,2024-02-22,2,8.83,10,15.89,PayPal,41,Silver
INV10649,1068,282,Home,Spain,2024-12-23,8,76.0,15,516.8,Cash,61,Standard
INV10650,1046,309,Books,Spain,2024-12-05,9,86.87,10,703.65,Cash,67,Standard
INV10651,1093,378,Books,UK,2024-01-04,9,62.32,20,448.7,PayPal,58,Silver
INV10652,1749,330,Fashion,UK,2024-02-08,9,29.62,5,253.25,Bank Transfer,46,Silver
INV10653,1957,369,Electronics,UK,2024-03-17,9,17.57,10,142.32,Cash,56,Standard
INV10654,1452,218,Fashion,France,2024-07-23,7,57.79,5,384.3,PayPal,23,Platinum
INV10655,1203,227,Sports,Germany,2024-12-17,7,60.11,20,336.62,PayPal,31,Silver
INV10656,1911,372,Home,Germany,2024-04-21,-2,76.8,20,-122.88,PayPal,67,Standard
INV10657,1217,270,Sports,Germany,2024-05-04,-1,25.81,10,-23.23,Cash,31,Gold
INV10658,1473,262,Books,UK,2024-03-03,9,88.98,10,720.74,Cash,54,Gold
INV10659,1431,272,Home,Spain,2024-01-15,8,51.88,0,415.04,Card,69,Silver
INV10660,1340,323,Books,France,2024-07-17,-1,31.22,0,-31.22,Card,41,Silver
INV10661,1550,318,Sports,Germany,2024-06-05,1,9.41,0,9.41,PayPal,30,Gold
INV10662,1611,320,Home,France,2024-05-29,6,36.65,0,219.9,PayPal,18,Standard
INV10663,1288,218,Electronics,France,2024-11-08,1,72.67,0,72.67,PayPal,29,Standard
INV10664,1253,374,Electronics,Spain,2024-09-28,4,87.99,20,281.57,PayPal,68,Standard
INV10665,1733,341,Books,Germany,2024-07-11,3,5.04,15,12.85,Cash,59,Platinum
INV10666,1356,319,Fashion,Germany,2024-12-26,3,70.0,15,178.5,Card,41,Silver
INV10667,1022,365,Electronics,Germany,2024-02-26,-1,91.33,0,-91.33,Bank Transfer,54,Platinum
INV10668,1761,380,Home,UK,2024-12-14,8,40.42,20,258.69,PayPal,37,Platinum
INV10669,1521,260,Sports,UK,2024-05-10,0,83.92,15,0.0,Card,23,Platinum
INV10670,1757,363,Fashion,Germany,2024-10-05,6,80.98,5,461.59,PayPal,29,Platinum
INV10671,1836,367,Books,Spain,2024-11-02,8,86.83,0,694.64,Cash,38,Standard
INV10672,1099,229,Electronics,France,2024-07-09,1,24.36,15,20.71,Bank Transfer,20,Silver
INV10673,1801,208,Home,Spain,2024-04-19,0,79.68,20,0.0,Card,44,Silver
INV10674,1179,263,Home,Spain,2024-04-14,1,39.58,15,33.64,Card,63,Platinum
INV10675,1222,360,Books,Spain,2024-05-19,7,27.42,0,191.94,Bank Transfer,53,Silver
INV10676,1905,319,Sports,UK,2024-09-24,-1,99.69,20,-79.75,Cash,34,Gold
INV10677,1761,251,Fashion,France,2024-03-29,2,40.69,0,81.38,Bank Transfer,66,Standard
INV10678,1658,288,Electronics,UK,2024-10-07,0,73.49,0,0.0,Card,63,Silver
INV10679,1441,341,Electronics,Germany,2024-05-26,8,88.07,20,563.65,Bank Transfer,32,Standard
INV10680,1607,252,Electronics,France,2024-01-14,4,28.73,5,109.17,Cash,56,Gold
INV10681,1768,386,Fashion,Germany,2024-06-20,-2,41.59,0,-83.18,Cash,21,Standard
INV10682,1324,277,Fashion,France,2024-10-09,5,46.11,10,207.5,PayPal,34,Gold
INV10683,1515,240,Sports,Germany,2024-03-08,7,19.93,0,139.51,Bank Transfer,55,Platinum
INV10684,1015,395,Sports,Spain,2024-03-03,2,51.36,0,102.72,Bank Transfer,28,Silver
INV10685,1791,267,Sports,Germany,2024-09-25,-2,56.56,0,-113.12,Card,29,Platinum
INV10686,1335,207,Books,Spain,2024-01-11,9,31.17,10,252.48,Cash,64,Silver
INV10687,1758,201,Electronics,Germany,2024-03-13,8,29.73,5,225.95,Bank Transfer,49,Platinum
INV10688,1257,304,Electronics,Germany,2024-05-17,1,76.09,0,76.09,Card,44,Gold
INV10689,1496,324,Electronics,France,2024-04-13,2,83.89,5,159.39,PayPal,61,Silver
INV10690,1987,309,Fashion,France,2024-10-02,9,21.74,15,166.31,Bank Transfer,60,Platinum
INV10691,1895,285,Fashion,Spain,2024-09-09,4,4.76,5,18.09,Bank Transfer,44,Standard
INV10692,1159,368,Home,France,2024-10-25,4,72.95,20,233.44,Card,66,Standard
INV10693,1474,319,Sports,Germany,2024-08-18,2,52.68,15,89.56,Card,57,Platinum
INV10694,1851,326,Books,Spain,2024-10-26,7,70.7,20,395.92,Cash,61,Gold
INV10695,1663,382,Fashion,France,2024-06-09,3,88.19,5,251.34,Cash,46,Platinum
INV10696,1907,215,Home,France,2024-11-22,3,29.26,5,83.39,Cash,26,Standard
INV10697,1689,261,Home,UK,2024-12-30,-1,47.17,5,-44.81,Bank Transfer,60,Silver
INV10698,1674,312,Books,France,2024-05-10,6,98.44,0,590.64,Card,20,Silver
INV10699,1379,375,Fashion,Spain,2024-06-11,0,14.99,15,0.0,Cash,56,Platinum
INV10700,1544,357,Books,UK,2024-10-14,5,89.34,20,357.36,Bank Transfer,46,Silver
INV10701,1928,211,Books,France,2024-07-10,1,66.25,15,56.31,Cash,38,Standard
INV10702,1956,234,Electronics,UK,2024-12-19,0,52.8,15,0.0,PayPal,52,Silver
INV10703,1690,210,Books,Germany,2024-03-13,3,42.27,15,107.79,Bank Transfer,65,Platinum
INV10704,1426,263,Sports,France,2024-12-09,8,63.17,10,454.82,Cash,27,Platinum
INV10705,1612,249,Books,Germany,2024-05-01,8,88.91,10,640.15,Cash,40,Platinum
INV10706,1267,348,Sports,France,2024-03-22,0,11.89,20,0.0,PayPal,56,Standard
INV10707,1834,268,Electronics,Spain,2024-02-13,9,40.98,20,295.06,PayPal,42,Gold
INV10708,1576,247,Electronics,Germany,2024-11-18,8,77.58,5,589.61,Cash,41,Silver
INV10709,1416,219,Fashion,Spain,2024-04-08,-1,39.23,0,-39.23,Cash,37,Platinum
INV10710,1167,300,Books,Spain,2024-12-24,8,49.67,0,397.36,Card,32,Gold
INV10711,1841,394,Books,Germany,2024-09-27,0,55.09,0,0.0,Cash,38,Platinum
INV10712,1042,371,Fashion,Germany,2024-05-17,5,27.98,10,125.91,Cash,59,Platinum
INV10713,1555,360,Home,France,2024-09-17,3,13.04,0,39.12,Card,29,Standard
INV10714,1284,388,Sports,France,2024-08-18,4,44.98,10,161.93,Card,35,Standard
INV10715,1396,336,Electronics,Spain,2024-10-09,5,90.45,20,361.8,Cash,40,Gold
INV10716,1011,267,Sports,Germany,2024-02-16,8,12.53,0,100.24,Card,58,Platinum
INV10717,1606,234,Home,Spain,2024-12-30,6,97.39,20,467.47,Bank Transfer,46,Silver
INV10718,1301,264,Electronics,France,2024-09-16,7,89.72,20,502.43,PayPal,58,Silver
INV10719,1897,207,Home,Spain,2024-12-14,-2,94.85,5,-180.21,Bank Transfer,53,Silver
INV10720,1252,244,Home,Germany,2024-06-04,4,6.51,0,26.04,PayPal,22,Gold
INV10721,1498,286,Electronics,Germany,2024-01-02,9,16.0,5,136.8,PayPal,56,Standard
INV10722,1753,374,Fashion,Spain,2024-06-03,5,78.4,15,333.2,Cash,43,Gold
INV10723,1034,367,Fashion,UK,2024-01-04,2,6.61,10,11.9,PayPal,56,Standard
INV10724,1726,275,Home,France,2024-07-05,6,91.61,5,522.18,Bank Transfer,28,Silver
INV10725,1848,381,Books,UK,2024-09-21,-2,6.95,5,-13.2,Cash,59,Silver
INV10726,1089,275,Books,France,2024-02-25,8,33.93,0,271.44,Card,28,Standard
INV10727,1775,373,Fashion,Spain,2024-05-07,3,9.81,10,26.49,Bank Transfer,35,Silver
INV10728,1604,246,Fashion,Spain,2024-02-17,7,33.43,15,198.91,Cash,29,Gold
INV10729,1921,214,Sports,UK,2024-09-13,7,87.75,20,491.4,PayPal,33,Standard
INV10730,1969,304,Fashion,UK,2024-02-28,-2,61.39,0,-122.78,Bank Transfer,44,Silver
INV10731,1601,346,Electronics,UK,2024-02-17,9,63.01,0,567.09,PayPal,53,Platinum
INV10732,1417,225,Sports,UK,2024-08-03,5,95.08,0,475.4,Cash,34,Silver
INV10733,1114,251,Electronics,Spain,2024-08-21,3,12.4,0,37.2,Cash,66,Platinum
INV10734,1616,292,Home,UK,2024-01-02,0,17.53,15,0.0,Card,38,Silver
INV10735,1902,349,Sports,UK,2024-09-29,6,14.65,15,74.72,Card,54,Platinum
INV10736,1195,220,Fashion,Germany,2024-02-12,-2,5.98,15,-10.17,Bank Transfer,48,Silver
INV10737,1825,250,Fashion,UK,2024-02-15,6,49.04,0,294.24,Card,62,Platinum
INV10738,1500,237,Sports,France,2024-10-06,7,53.61,10,337.74,PayPal,52,Standard
INV10739,1625,219,Electronics,Spain,2024-03-28,3,61.47,5,175.19,PayPal,44,Standard
INV10740,1492,356,Electronics,Spain,2024-03-01,6,26.11,0,156.66,Card,40,Platinum
INV10741,1074,378,Books,France,2024-01-31,0,20.99,5,0.0,Card,49,Silver
INV10742,1412,331,Home,UK,2024-08-14,8,11.59,0,92.72,Card,34,Gold
INV10743,1375,254,Fashion,Spain,2024-05-14,2,9.91,20,15.86,Bank Transfer,28,Gold
INV10744,1419,398,Home,Spain,2024-10-18,1,28.31,0,28.31,Bank Transfer,18,Gold
INV10745,1728,291,Books,Germany,2024-08-14,3,70.0,0,210.0,PayPal,45,Gold
INV10746,1276,227,Home,Spain,2024-04-24,6,62.72,20,301.06,Bank Transfer,35,Platinum
INV10747,1760,203,Home,Spain,2024-12-01,8,34.27,0,274.16,Bank Transfer,66,Standard
INV10748,1675,349,Home,France,2024-03-21,2,18.51,15,31.47,Cash,58,Standard
INV10749,1393,275,Sports,UK,2024-12-21,7,21.32,5,141.78,PayPal,37,Gold
INV10750,1868,372,Books,UK,2024-05-16,8,85.26,0,682.08,PayPal,24,Standard
INV10751,1456,266,Fashion,France,2024-12-29,8,20.53,10,147.82,Card,54,Platinum
INV10752,1919,285,Books,UK,2024-12-02,5,11.75,5,55.81,Cash,33,Gold
INV10753,1191,393,Books,Germany,2024-01-07,4,18.03,15,61.3,Card,56,Platinum
INV10754,1738,361,Books,Germany,2024-09-14,6,69.02,5,393.41,Bank Transfer,62,Platinum
INV10755,1688,290,Home,UK,2024-09-10,-1,62.66,0,-62.66,PayPal,62,Silver
INV10756,1098,382,Sports,UK,2024-04-16,4,65.69,20,210.21,Bank Transfer,64,Platinum
INV10757,1547,304,Home,UK,2024-11-24,0,14.6,5,0.0,Bank Transfer,40,Silver
INV10758,1977,200,Books,Germany,2024-02-28,-1,63.35,15,-53.85,Cash,49,Gold
INV10759,1998,271,Electronics,Germany,2024-03-30,1,50.58,0,50.58,Cash,66,Platinum
INV10760,1095,286,Electronics,UK,2024-01-21,1,45.78,15,38.91,PayPal,34,Standard
INV10761,1663,365,Home,UK,2024-04-22,1,55.25,15,46.96,PayPal,36,Gold
INV10762,1662,205,Sports,France,2024-01-28,9,13.39,20,96.41,Cash,59,Platinum
INV10763,1189,352,Sports,Germany,2024-09-29,2,16.55,20,26.48,Cash,51,Platinum
INV10764,1735,344,Fashion,UK,2024-10-17,9,32.34,5,276.51,Cash,31,Standard
INV10765,1036,260,Sports,UK,2024-05-10,2,44.3,10,79.74,Cash,20,Silver
INV10766,1779,211,Electronics,UK,2024-04-09,0,22.65,20,0.0,PayPal,56,Platinum
INV10767,1368,205,Fashion,Germany,2024-06-24,7,77.98,0,545.86,PayPal,42,Platinum
INV10768,1694,226,Sports,UK,2024-08-16,0,84.55,0,0.0,Bank Transfer,28,Standard
INV10769,1524,335,Electronics,France,2024-08-14,8,21.12,5,160.51,Bank Transfer,66,Gold
INV10770,1278,323,Books,Germany,2024-09-03,3,61.19,0,183.57,Bank Transfer,32,Platinum
INV10771,1216,305,Books,France,2024-05-26,9,98.41,15,752.84,PayPal,36,Silver
INV10772,1866,392,Electronics,Germany,2024-05-21,-2,84.86,0,-169.72,Card,60,Silver
INV10773,1872,384,Electronics,Spain,2024-02-24,9,38.6,20,277.92,Bank Transfer,32,Standard
INV10774,1797,292,Electronics,UK,2024-11-20,0,62.19,0,0.0,Card,32,Silver
INV10775,1272,308,Electronics,UK,2024-02-21,3,32.23,0,96.69,Card,55,Platinum
INV10776,1880,298,Books,Germany,2024-07-05,7,15.74,0,110.18,Card,32,Silver
INV10777,1061,367,Sports,Germany,2024-03-27,-1,7.31,0,-7.31,Cash,26,Platinum
INV10778,1595,341,Home,UK,2024-11-22,-2,88.02,20,-140.83,PayPal,22,Standard
INV10779,1879,234,Books,Germany,2024-10-12,5,86.16,20,344.64,PayPal,36,Silver
INV10780,1728,375,Electronics,UK,2024-04-22,9,86.39,20,622.01,Bank Transfer,41,Platinum
INV10781,1341,283,Sports,France,2024-04-30,9,95.36,15,729.5,Bank Transfer,46,Gold
INV10782,1396,255,Fashion,UK,2024-09-16,2,79.65,5,151.34,PayPal,22,Platinum
INV10783,1698,376,Electronics,UK,2024-07-18,4,34.04,5,129.35,Cash,39,Platinum
INV10784,1018,340,Fashion,Germany,2024-03-22,1,23.99,20,19.19,PayPal,30,Standard
INV10785,1176,388,Fashion,UK,2024-05-10,1,55.83,0,55.83,Card,67,Platinum
INV10786,1611,248,Fashion,Germany,2024-01-16,9,38.2,0,343.8,PayPal,69,Standard
INV10787,1395,245,Home,France,2024-08-29,5,93.25,20,373.0,Cash,66,Platinum
INV10788,1444,312,Books,Germany,2024-03-29,5,84.9,5,403.28,PayPal,64,Platinum
INV10789,1232,389,Sports,Spain,2024-10-24,3,51.02,20,122.45,PayPal,63,Platinum
INV10790,1914,335,Electronics,France,2024-10-01,2,40.58,0,81.16,PayPal,46,Standard
INV10791,1075,242,Books,France,2024-01-17,1,98.94,5,93.99,Card,33,Platinum
INV10792,1264,347,Sports,Germany,2024-03-27,9,25.37,15,194.08,Bank Transfer,53,Standard
INV10793,1454,323,Electronics,Germany,2024-04-30,0,58.12,15,0.0,Cash,34,Gold
INV10794,1795,296,Fashion,Spain,2024-04-19,-2,55.17,15,-93.79,Card,37,Standard
INV10795,1717,289,Books,Spain,2024-01-11,0,63.82,0,0.0,PayPal,31,Gold
INV10796,1734,238,Sports,France,2024-01-19,5,83.56,0,417.8,PayPal,67,Standard
INV10797,1383,284,Fashion,Spain,2024-07-10,1,55.15,0,55.15,Bank Transfer,23,Standard
INV10798,1563,376,Home,Spain,2024-02-28,1,58.92,20,47.14,Bank Transfer,39,Platinum
INV10799,1850,391,Books,France,2024-09-21,1,73.96,10,66.56,Bank Transfer,57,Silver
INV10800,1505,261,Sports,UK,2024-10-27,6,13.78,0,82.68,Card,26,Silver
INV10801,1366,305,Home,UK,2024-01-01,5,23.76,20,95.04,Cash,49,Platinum
INV10802,1143,306,Home,Spain,2024-09-30,9,20.82,20,149.9,Bank Transfer,41,Gold
INV10803,1884,253,Books,Spain,2024-01-25,-2,13.52,10,-24.34,PayPal,50,Platinum
INV10804,1068,325,Fashion,France,2024-04-04,7,29.55,10,186.16,Cash,30,Silver
INV10805,1098,208,Electronics,Germany,2024-09-28,-2,91.62,20,-146.59,PayPal,52,Standard
INV10806,1395,287,Books,Germany,2024-12-10,3,80.96,10,218.59,PayPal,23,Platinum
INV10807,1024,236,Books,Spain,2024-03-16,3,48.34,15,123.27,Cash,66,Gold
INV10808,1947,248,Electronics,UK,2024-11-23,-2,92.78,10,-167.0,Card,57,Platinum
INV10809,1890,240,Home,Germany,2024-02-02,5,57.45,0,287.25,Cash,47,Silver
INV10810,1468,216,Electronics,UK,2024-07-28,6,68.74,15,350.57,Bank Transfer,55,Standard
INV10811,1483,287,Sports,UK,2024-01-17,-1,13.04,10,-11.74,Cash,33,Silver
INV10812,1564,220,Books,France,2024-11-18,5,33.91,10,152.6,Bank Transfer,18,Silver
INV10813,1150,250,Books,UK,2024-02-23,4,92.36,5,350.97,Bank Transfer,59,Silver
INV10814,1143,258,Fashion,Germany,2024-05-07,7,46.1,0,322.7,Cash,35,Silver
INV10815,1568,366,Sports,UK,2024-07-19,2,18.14,0,36.28,Cash,39,Standard
INV10816,1038,382,Books,Germany,2024-12-07,1,60.0,5,57.0,Bank Transfer,43,Silver
INV10817,1108,240,Electronics,UK,2024-09-24,8,81.61,10,587.59,PayPal,31,Gold
INV10818,1692,238,Electronics,Germany,2024-09-10,1,12.8,20,10.24,Cash,54,Gold
INV10819,1041,340,Books,UK,2024-01-30,4,73.17,20,234.14,Card,66,Silver
INV10820,1185,391,Books,France,2024-09-22,6,67.78,10,366.01,Bank Transfer,31,Gold
INV10821,1934,210,Books,Germany,2024-04-19,2,35.55,20,56.88,PayPal,43,Silver
INV10822,1397,346,Fashion,France,2024-12-18,5,53.73,15,228.35,Cash,67,Standard
INV10823,1222,338,Home,Germany,2024-08-15,2,9.21,10,16.58,Cash,53,Standard
INV10824,1633,276,Books,France,2024-12-24,0,56.44,10,0.0,PayPal,69,Gold
INV10825,1132,326,Sports,France,2024-10-22,-1,75.23,0,-75.23,Card,40,Gold
INV10826,1162,245,Electronics,Germany,2024-05-26,-2,57.81,15,-98.28,Bank Transfer,19,Silver
INV10827,1214,244,Electronics,Germany,2024-04-24,0,60.11,0,0.0,Cash,56,Platinum
INV10828,1732,200,Sports,UK,2024-06-09,7,89.96,0,629.72,Card,24,Silver
INV10829,1234,367,Sports,Germany,2024-12-04,2,75.58,10,136.04,Bank Transfer,56,Silver
INV10830,1842,307,Electronics,UK,2024-03-17,3,76.68,10,207.04,Card,62,Standard
INV10831,1657,218,Books,Germany,2024-01-27,4,25.23,5,95.87,Bank Transfer,68,Platinum
INV10832,1750,275,Books,UK,2024-11-01,3,92.39,20,221.74,Bank Transfer,39,Platinum
INV10833,1587,271,Fashion,Spain,2024-02-07,9,93.22,20,671.18,Card,45,Silver
INV10834,1008,399,Home,Spain,2024-09-20,4,43.61,10,157.0,Bank Transfer,55,Standard
INV10835,1073,388,Fashion,France,2024-12-01,3,15.83,0,47.49,Cash,37,Gold
INV10836,1953,308,Home,Germany,2024-01-28,3,57.26,5,163.19,Cash,66,Standard
INV10837,1491,211,Books,Spain,2024-08-10,5,9.71,15,41.27,Card,35,Gold
INV10838,1912,388,Electronics,France,2024-10-07,5,98.99,5,470.2,Card,41,Standard
INV10839,1252,360,Fashion,UK,2024-09-05,1,74.68,5,70.95,Bank Transfer,50,Platinum
INV10840,1229,244,Sports,France,2024-06-18,9,69.44,0,624.96,Bank Transfer,62,Standard
INV10841,1518,289,Fashion,Spain,2024-03-20,3,96.22,5,274.23,Card,43,Silver
INV10842,1173,302,Sports,UK,2024-02-26,5,58.56,10,263.52,PayPal,36,Gold
INV10843,1652,396,Electronics,UK,2024-10-29,4,63.22,10,227.59,Card,65,Standard
INV10844,1167,207,Electronics,UK,2024-02-17,4,51.38,20,164.42,PayPal,59,Standard
INV10845,1169,352,Home,UK,2024-03-11,2,34.75,5,66.02,PayPal,30,Gold
INV10846,1392,290,Fashion,France,2024-11-23,0,44.86,5,0.0,Card,27,Standard
INV10847,1945,373,Home,France,2024-03-26,1,88.16,15,74.94,Card,31,Gold
INV10848,1794,286,Books,Spain,2024-02-02,2,58.98,10,106.16,Card,26,Platinum
INV10849,1633,357,Sports,UK,2024-08-14,1,61.15,10,55.04,PayPal,28,Gold
INV10850,1193,374,Sports,Germany,2024-09-10,9,93.81,0,844.29,Cash,20,Gold
INV10851,1516,376,Electronics,France,2024-11-28,-2,5.71,20,-9.14,Cash,57,Platinum
INV10852,1028,374,Sports,France,2024-01-18,9,39.36,15,301.1,Card,29,Standard
INV10853,1164,283,Electronics,Germany,2024-11-11,9,84.75,5,724.61,Card,52,Standard
INV10854,1421,281,Home,Spain,2024-12-18,-1,44.29,20,-35.43,Bank Transfer,56,Platinum
INV10855,1338,345,Fashion,UK,2024-08-13,4,90.78,10,326.81,Bank Transfer,63,Silver
INV10856,1647,393,Home,France,2024-03-16,4,72.1,20,230.72,Bank Transfer,56,Gold
INV10857,1495,267,Electronics,Spain,2024-01-25,0,20.05,15,0.0,Card,49,Standard
INV10858,1364,360,Books,Germany,2024-06-23,1,42.52,15,36.14,Cash,56,Standard
INV10859,1832,326,Electronics,France,2024-10-17,-2,22.33,0,-44.66,Cash,31,Gold
INV10860,1341,363,Fashion,Spain,2024-04-20,7,73.54,10,463.3,Card,61,Gold
INV10861,1499,281,Books,Spain,2024-06-17,0,86.91,5,0.0,Card,18,Gold
INV10862,1656,346,Home,Germany,2024-06-13,7,70.4,15,418.88,PayPal,44,Silver
INV10863,1510,355,Electronics,Germany,2024-04-16,-1,57.96,20,-46.37,PayPal,54,Platinum
INV10864,1326,367,Books,Spain,2024-07-03,4,7.42,5,28.2,Cash,60,Silver
INV10865,1216,283,Fashion,France,2024-05-25,3,38.72,15,98.74,Bank Transfer,18,Silver
INV10866,1300,312,Home,Germany,2024-02-10,1,37.07,5,35.22,Cash,62,Gold
INV10867,1131,275,Books,France,2024-01-04,5,89.42,5,424.74,PayPal,46,Platinum
INV10868,1803,321,Home,France,2024-01-17,6,6.39,5,36.42,Cash,41,Standard
INV10869,1069,342,Home,Spain,2024-07-25,5,89.01,20,356.04,PayPal,34,Gold
INV10870,1251,240,Electronics,UK,2024-09-03,8,94.61,20,605.5,PayPal,52,Platinum
INV10871,1414,366,Sports,Germany,2024-12-23,0,45.27,10,0.0,Bank Transfer,48,Standard
INV10872,1786,201,Sports,Germany,2024-04-06,6,41.11,20,197.33,Bank Transfer,59,Silver
INV10873,1444,390,Sports,UK,2024-08-30,0,78.61,20,0.0,PayPal,49,Platinum
INV10874,1875,228,Home,Spain,2024-02-07,5,30.65,15,130.26,Card,36,Silver
INV10875,1181,304,Electronics,UK,2024-04-05,8,54.67,0,437.36,Bank Transfer,48,Silver
INV10876,1166,393,Home,UK,2024-08-31,6,68.7,20,329.76,PayPal,56,Platinum
INV10877,1090,250,Sports,Germany,2024-02-20,3,65.49,15,167.0,Card,37,Standard
INV10878,1713,274,Fashion,Germany,2024-09-01,-2,27.55,0,-55.1,Card,45,Platinum
INV10879,1857,209,Books,Germany,2024-04-18,5,18.55,15,78.84,Cash,20,Standard
INV10880,1530,341,Home,Germany,2024-07-23,9,35.05,0,315.45,Cash,49,Gold
INV10881,1038,250,Electronics,UK,2024-08-23,3,89.11,5,253.96,Bank Transfer,39,Gold
INV10882,1125,317,Books,France,2024-06-12,9,73.43,10,594.78,Card,61,Gold
INV10883,1450,320,Fashion,Germany,2024-12-13,0,8.2,10,0.0,Bank Transfer,59,Silver
INV10884,1172,238,Sports,UK,2024-01-24,4,16.73,5,63.57,PayPal,61,Gold
INV10885,1652,227,Sports,UK,2024-02-24,1,98.23,20,78.58,Bank Transfer,32,Silver
INV10886,1753,202,Home,France,2024-04-24,7,93.71,20,524.78,Card,55,Standard
INV10887,1219,283,Fashion,Germany,2024-09-19,2,17.84,10,32.11,Cash,36,Platinum
INV10888,1637,397,Electronics,France,2024-03-17,-2,92.33,20,-147.73,Bank Transfer,48,Platinum
INV10889,1057,354,Home,Germany,2024-01-08,3,21.63,20,51.91,Cash,43,Silver
INV10890,1659,316,Books,Germany,2024-03-01,1,49.32,20,39.46,Bank Transfer,22,Silver
INV10891,1475,201,Books,Spain,2024-09-23,3,66.66,0,199.98,PayPal,37,Silver
INV10892,1455,292,Fashion,Germany,2024-12-01,-1,56.87,5,-54.03,Card,19,Standard
INV10893,1828,365,Fashion,Spain,2024-06-01,0,46.62,0,0.0,Bank Transfer,38,Standard
INV10894,1894,330,Electronics,France,2024-09-05,-1,69.35,20,-55.48,PayPal,68,Gold
INV10895,1360,343,Books,France,2024-03-28,4,37.65,15,128.01,PayPal,68,Gold
INV10896,1934,293,Electronics,UK,2024-08-15,8,7.54,15,51.27,PayPal,53,Platinum
INV10897,1000,239,Fashion,Spain,2024-01-21,0,53.17,5,0.0,Cash,45,Gold
INV10898,1386,201,Sports,France,2024-01-29,7,50.79,10,319.98,Cash,37,Standard
INV10899,1972,280,Books,Spain,2024-03-01,6,24.55,5,139.94,PayPal,54,Standard
INV10900,1347,368,Sports,France,2024-08-30,5,82.52,10,371.34,PayPal,56,Standard
INV10901,1189,211,Books,France,2024-03-22,7,79.8,0,558.6,Bank Transfer,53,Standard
INV10902,1504,362,Home,Spain,2024-09-19,5,85.8,5,407.55,Bank Transfer,28,Platinum
INV10903,1190,264,Fashion,France,2024-09-27,-2,46.78,5,-88.88,Card,20,Platinum
INV10904,1507,254,Home,UK,2024-03-16,0,46.2,20,0.0,Bank Transfer,54,Standard
INV10905,1368,244,Electronics,UK,2024-02-01,8,45.03,10,324.22,Card,37,Silver
INV10906,1408,300,Electronics,Germany,2024-11-21,9,65.94,15,504.44,Card,49,Gold
INV10907,1823,261,Sports,Germany,2024-10-05,5,24.98,0,124.9,Card,64,Platinum
INV10908,1928,248,Books,UK,2024-04-14,1,27.2,10,24.48,Cash,42,Silver
INV10909,1933,326,Electronics,Spain,2024-09-06,-1,49.15,0,-49.15,Bank Transfer,38,Gold
INV10910,1116,352,Electronics,France,2024-03-06,4,44.69,5,169.82,PayPal,67,Silver
INV10911,1133,222,Fashion,Spain,2024-11-30,4,29.68,5,112.78,Card,33,Standard
INV10912,1057,351,Electronics,Germany,2024-01-17,7,38.23,20,214.09,PayPal,65,Gold
INV10913,1555,237,Electronics,Spain,2024-10-18,9,22.95,15,175.57,Card,59,Silver
INV10914,1684,227,Sports,France,2024-03-17,0,95.16,5,0.0,Bank Transfer,18,Platinum
INV10915,1671,220,Home,Spain,2024-09-15,1,59.41,5,56.44,Card,40,Platinum
INV10916,1172,381,Electronics,Spain,2024-08-22,1,42.1,15,35.79,Bank Transfer,60,Platinum
INV10917,1828,306,Home,Spain,2024-06-04,7,98.85,0,691.95,PayPal,66,Gold
INV10918,1814,345,Fashion,Spain,2024-11-17,4,96.31,0,385.24,Bank Transfer,41,Standard
INV10919,1148,363,Home,France,2024-04-19,7,77.5,5,515.38,PayPal,64,Standard
INV10920,1079,298,Electronics,Spain,2024-11-05,3,34.44,5,98.15,Bank Transfer,42,Gold
INV10921,1885,372,Books,Germany,2024-02-08,6,79.8,20,383.04,Card,24,Gold
INV10922,1212,318,Home,France,2024-03-01,6,4.83,20,23.18,Card,55,Standard
INV10923,1202,272,Sports,France,2024-01-05,1,24.89,0,24.89,Bank Transfer,64,Platinum
INV10924,1763,380,Home,Spain,2024-09-09,2,79.48,20,127.17,PayPal,64,Standard
INV10925,1228,321,Fashion,Spain,2024-05-04,6,69.71,10,376.43,PayPal,56,Standard
INV10926,1675,229,Electronics,UK,2024-07-09,7,41.47,5,275.78,PayPal,52,Silver
INV10927,1226,387,Home,Germany,2024-05-11,8,92.26,0,738.08,Bank Transfer,31,Platinum
INV10928,1658,307,Sports,Germany,2024-11-25,5,89.77,10,403.96,Bank Transfer,26,Gold
INV10929,1531,297,Home,UK,2024-01-19,-1,39.73,10,-35.76,Bank Transfer,20,Standard
INV10930,1440,231,Electronics,UK,2024-06-23,-1,50.16,0,-50.16,Bank Transfer,55,Platinum
INV10931,1401,394,Home,UK,2024-11-16,4,3.91,10,14.08,PayPal,37,Gold
INV10932,1046,394,Home,Germany,2024-04-28,1,65.78,5,62.49,PayPal,58,Silver
INV10933,1232,355,Electronics,Germany,2024-12-06,9,91.15,0,820.35,Cash,50,Silver
INV10934,1304,371,Home,Germany,2024-04-02,5,11.29,0,56.45,Bank Transfer,58,Platinum
INV10935,1525,278,Electronics,Spain,2024-03-11,2,35.36,15,60.11,Cash,61,Standard
INV10936,1142,240,Sports,France,2024-10-13,-2,93.74,5,-178.11,Bank Transfer,49,Gold
INV10937,1414,262,Books,France,2024-08-05,9,15.25,5,130.39,Cash,53,Platinum
INV10938,1512,222,Books,Spain,2024-08-03,-2,36.37,20,-58.19,PayPal,43,Silver
INV10939,1372,303,Home,UK,2024-01-18,8,68.99,10,496.73,PayPal,65,Gold
INV10940,1565,274,Fashion,France,2024-01-01,2,38.97,20,62.35,Cash,22,Gold
INV10941,1885,247,Sports,Germany,2024-11-07,6,31.93,5,182.0,Card,66,Standard
INV10942,1258,359,Electronics,Spain,2024-07-30,2,90.02,15,153.03,Bank Transfer,47,Silver
INV10943,1655,256,Sports,UK,2024-10-24,7,57.16,5,380.11,Cash,34,Silver
INV10944,1470,317,Books,Germany,2024-09-27,7,80.82,5,537.45,Cash,23,Silver
INV10945,1952,299,Fashion,Germany,2024-09-07,-2,18.49,0,-36.98,Card,32,Gold
INV10946,1970,323,Books,Germany,2024-04-30,3,43.49,15,110.9,PayPal,18,Silver
INV10947,1011,360,Sports,France,2024-09-30,2,70.87,20,113.39,Cash,30,Platinum
INV10948,1329,351,Fashion,UK,2024-11-13,0,71.6,5,0.0,PayPal,65,Silver
INV10949,1735,366,Books,UK,2024-10-17,3,69.06,10,186.46,Bank Transfer,51,Gold
INV10950,1783,233,Sports,France,2024-09-30,1,79.5,15,67.58,Card,47,Silver
INV10951,1967,383,Fashion,Spain,2024-09-29,7,63.03,0,441.21,PayPal,36,Silver
INV10952,1357,355,Home,France,2024-05-19,5,14.74,20,58.96,Cash,19,Gold
INV10953,1971,364,Sports,Spain,2024-12-22,9,33.35,5,285.14,Card,61,Silver
INV10954,1407,206,Home,Germany,2024-01-29,6,70.21,5,400.2,Card,29,Standard
INV10955,1667,395,Fashion,Germany,2024-07-02,7,88.8,15,528.36,Card,57,Gold
INV10956,1372,364,Fashion,UK,2024-09-21,-2,41.01,0,-82.02,Card,61,Silver
INV10957,1007,255,Home,Germany,2024-05-04,4,87.61,5,332.92,Card,41,Standard
INV10958,1121,264,Books,Spain,2024-09-11,9,90.52,5,773.95,Bank Transfer,28,Platinum
INV10959,1347,392,Sports,Spain,2024-03-28,2,97.01,5,184.32,Bank Transfer,19,Gold
INV10960,1675,246,Sports,France,2024-12-20,2,53.05,15,90.18,Card,18,Silver
INV10961,1089,347,Electronics,UK,2024-12-24,5,70.43,5,334.54,Cash,45,Gold
INV10962,1647,218,Sports,UK,2024-10-26,7,27.39,20,153.38,Cash,21,Standard
INV10963,1697,356,Home,Germany,2024-12-08,3,19.51,10,52.68,Bank Transfer,58,Gold
INV10964,1315,387,Books,France,2024-05-25,7,98.62,5,655.82,PayPal,47,Platinum
INV10965,1177,345,Electronics,Germany,2024-02-27,0,40.78,10,0.0,Card,24,Silver
INV10966,1539,362,Electronics,France,2024-10-06,9,7.8,15,59.67,Cash,39,Platinum
INV10967,1731,370,Books,Germany,2024-12-01,5,55.27,20,221.08,Bank Transfer,43,Standard
INV10968,1868,325,Books,France,2024-09-01,5,90.5,15,384.62,Bank Transfer,46,Gold
INV10969,1040,338,Home,UK,2024-12-06,7,79.01,15,470.11,PayPal,42,Silver
INV10970,1739,248,Books,Germany,2024-09-03,6,58.43,15,297.99,PayPal,27,Silver
INV10971,1703,312,Fashion,Spain,2024-11-04,7,96.87,15,576.38,Cash,37,Standard
INV10972,1922,237,Electronics,Spain,2024-05-07,8,83.75,5,636.5,PayPal,31,Standard
INV10973,1501,263,Books,UK,2024-02-28,3,36.11,0,108.33,PayPal,50,Gold
INV10974,1958,268,Sports,Spain,2024-05-13,6,99.97,0,599.82,Card,22,Silver
INV10975,1144,335,Sports,France,2024-12-13,2,52.68,5,100.09,Bank Transfer,62,Standard
INV10976,1200,361,Electronics,UK,2024-11-03,-2,62.6,10,-112.68,Bank Transfer,23,Silver
INV10977,1928,375,Fashion,France,2024-04-07,6,74.87,10,404.3,PayPal,39,Gold
INV10978,1723,315,Home,France,2024-03-17,7,29.18,10,183.83,Bank Transfer,34,Platinum
INV10979,1460,383,Electronics,France,2024-04-01,5,66.96,15,284.58,Bank Transfer,32,Standard
INV10980,1731,264,Electronics,Spain,2024-06-27,3,97.6,20,234.24,Cash,56,Gold
INV10981,1751,230,Home,Spain,2024-09-21,4,77.14,10,277.7,Bank Transfer,57,Platinum
INV10982,1924,331,Books,Spain,2024-10-30,8,58.61,10,421.99,PayPal,45,Gold
INV10983,1908,312,Books,UK,2024-01-14,2,50.91,5,96.73,Cash,19,Standard
INV10984,1557,308,Books,France,2024-02-07,4,83.58,20,267.46,Bank Transfer,35,Gold
INV10985,1546,377,Sports,Germany,2024-02-04,8,45.95,10,330.84,Bank Transfer,44,Silver
INV10986,1252,268,Sports,Germany,2024-09-08,4,76.6,5,291.08,Cash,38,Standard
INV10987,1389,357,Home,Spain,2024-07-15,5,57.93,0,289.65,Cash,40,Silver
INV10988,1593,319,Home,France,2024-06-16,1,26.86,5,25.52,Bank Transfer,24,Gold
INV10989,1882,287,Electronics,UK,2024-09-11,0,70.4,20,0.0,Card,69,Standard
INV10990,1255,386,Sports,France,2024-08-15,3,59.59,0,178.77,Card,65,Silver
INV10991,1708,266,Books,UK,2024-04-14,8,67.59,10,486.65,Bank Transfer,36,Silver
INV10992,1814,274,Sports,France,2024-08-12,9,42.79,20,308.09,Bank Transfer,26,Silver
INV10993,1920,244,Fashion,Germany,2024-07-25,5,32.35,0,161.75,Cash,29,Platinum
INV10994,1449,203,Books,UK,2024-02-25,5,64.35,10,289.58,Cash,63,Silver
INV10995,1009,353,Books,Germany,2024-06-21,6,21.39,0,128.34,Bank Transfer,47,Silver
INV10996,1823,354,Books,France,2024-11-04,5,28.5,10,128.25,Bank Transfer,24,Gold
INV10997,1797,373,Electronics,Spain,2024-01-18,4,32.27,10,116.17,Bank Transfer,19,Gold
INV10998,1241,306,Books,France,2024-08-05,9,7.14,10,57.83,Bank Transfer,34,Gold
INV10999,1250,391,Books,France,2024-10-27,3,65.71,20,157.7,Card,28,Gold
INV11000,1876,250,Books,Germany,2024-06-20,9,92.92,15,710.84,Cash,67,Platinum
INV11001,1004,249,Electronics,France,2024-03-16,2,10.97,20,17.55,PayPal,29,Gold
INV11002,1118,205,Books,UK,2024-06-03,1,81.41,0,81.41,Bank Transfer,20,Gold
INV11003,1800,258,Books,UK,2024-09-15,-2,97.84,15,-166.33,Bank Transfer,38,Gold
INV11004,1373,324,Books,Germany,2024-07-05,9,56.3,5,481.36,Bank Transfer,31,Silver
INV11005,1064,342,Sports,France,2024-05-04,3,2.04,20,4.9,PayPal,32,Platinum
INV11006,1145,229,Home,Spain,2024-11-22,-2,20.18,5,-38.34,Cash,68,Gold
INV11007,1223,369,Books,UK,2024-10-03,7,6.74,15,40.1,Cash,59,Silver
INV11008,1238,321,Books,Germany,2024-11-27,-1,27.82,20,-22.26,Bank Transfer,58,Standard
INV11009,1176,324,Fashion,Spain,2024-01-08,4,17.36,5,65.97,Bank Transfer,27,Platinum
INV11010,1778,236,Books,Spain,2024-01-25,6,53.93,20,258.86,Cash,69,Gold
INV11011,1852,369,Electronics,Germany,2024-10-19,4,11.3,10,40.68,PayPal,53,Silver
INV11012,1281,323,Books,France,2024-11-19,6,16.91,15,86.24,Bank Transfer,68,Standard
INV11013,1062,300,Electronics,Spain,2024-07-15,2,48.13,15,81.82,PayPal,27,Standard
INV11014,1216,234,Sports,France,2024-02-21,3,80.82,10,218.21,PayPal,34,Silver
INV11015,1853,286,Books,UK,2024-12-28,4,40.04,15,136.14,Cash,61,Silver
INV11016,1826,333,Sports,Spain,2024-01-15,-2,42.49,5,-80.73,Bank Transfer,42,Platinum
INV11017,1794,395,Books,UK,2024-11-04,7,60.18,10,379.13,Card,44,Silver
INV11018,1688,217,Electronics,Spain,2024-11-03,1,89.95,20,71.96,Cash,50,Gold
INV11019,1460,312,Fashion,Spain,2024-07-15,8,30.69,20,196.42,Cash,28,Standard
INV11020,1928,228,Sports,Spain,2024-02-10,2,45.92,0,91.84,Card,30,Gold
INV11021,1609,276,Home,France,2024-05-28,3,19.12,5,54.49,Bank Transfer,18,Gold
INV11022,1104,258,Sports,UK,2024-07-30,3,68.41,5,194.97,PayPal,48,Gold
INV11023,1098,374,Home,UK,2024-04-09,9,28.46,10,230.53,PayPal,50,Standard
INV11024,1510,325,Electronics,UK,2024-11-20,-2,80.85,5,-153.61,PayPal,38,Standard
INV11025,1384,344,Sports,Spain,2024-06-07,0,85.04,10,0.0,Bank Transfer,33,Standard
INV11026,1404,308,Books,UK,2024-01-09,8,2.85,10,20.52,Cash,56,Silver
INV11027,1822,221,Fashion,UK,2024-10-08,-2,53.01,10,-95.42,Cash,40,Gold
INV11028,1517,267,Electronics,Spain,2024-04-14,4,82.68,15,281.11,Cash,27,Platinum
INV11029,1475,268,Electronics,Germany,2024-03-27,5,64.74,15,275.14,Cash,65,Silver
INV11030,1976,364,Fashion,Germany,2024-03-12,2,43.51,5,82.67,Cash,50,Silver
INV11031,1708,248,Books,Germany,2024-06-22,3,95.92,10,258.98,Card,39,Platinum
INV11032,1862,340,Home,Spain,2024-09-15,2,12.02,15,20.43,PayPal,58,Gold
INV11033,1644,361,Fashion,Spain,2024-03-29,0,64.37,15,0.0,PayPal,23,Platinum
INV11034,1869,308,Fashion,France,2024-06-14,9,27.44,10,222.26,Bank Transfer,64,Standard
INV11035,1770,285,Home,France,2024-05-22,0,81.28,10,0.0,Card,53,Gold
INV11036,1436,252,Books,Spain,2024-04-10,8,61.22,10,440.78,Cash,64,Silver
INV11037,1022,322,Electronics,France,2024-04-29,1,27.97,0,27.97,Cash,27,Standard
INV11038,1996,286,Sports,France,2024-05-19,2,92.87,0,185.74,Cash,33,Standard
INV11039,1564,378,Fashion,Spain,2024-02-13,2,21.3,10,38.34,Card,30,Silver
INV11040,1676,330,Sports,Spain,2024-05-23,-1,38.4,20,-30.72,Bank Transfer,68,Platinum
INV11041,1713,241,Home,France,2024-10-01,7,88.28,10,556.16,Card,37,Standard
INV11042,1457,297,Fashion,Germany,2024-06-14,8,90.08,10,648.58,Bank Transfer,21,Standard
INV11043,1082,359,Sports,France,2024-09-22,4,26.72,10,96.19,PayPal,37,Gold
INV11044,1144,308,Fashion,Germany,2024-06-04,1,55.5,10,49.95,Bank Transfer,39,Gold
INV11045,1084,250,Sports,UK,2024-11-28,-2,54.31,20,-86.9,PayPal,46,Silver
INV11046,1077,284,Fashion,Spain,2024-09-16,8,19.27,0,154.16,Bank Transfer,33,Silver
INV11047,1456,373,Fashion,UK,2024-10-26,3,10.52,20,25.25,PayPal,60,Silver
INV11048,1877,326,Fashion,Germany,2024-06-04,7,66.51,15,395.73,PayPal,64,Platinum
INV11049,1000,220,Home,Germany,2024-08-23,7,2.58,5,17.16,Cash,60,Standard
INV11050,1050,243,Electronics,Spain,2024-08-20,5,48.17,10,216.76,Bank Transfer,40,Silver
INV11051,1684,338,Electronics,France,2024-04-17,7,63.5,0,444.5,Cash,47,Gold
INV11052,1716,302,Books,France,2024-12-29,2,90.79,10,163.42,PayPal,47,Standard
INV11053,1771,267,Home,France,2024-02-02,9,72.29,20,520.49,Cash,60,Silver
INV11054,1445,328,Electronics,Spain,2024-12-02,9,69.77,20,502.34,Card,20,Standard
INV11055,1448,291,Electronics,France,2024-07-22,5,75.86,15,322.41,Cash,41,Standard
INV11056,1880,390,Electronics,Spain,2024-05-31,9,72.99,0,656.91,Bank Transfer,66,Standard
INV11057,1487,223,Books,Germany,2024-07-18,5,66.42,10,298.89,Cash,54,Silver
INV11058,1799,324,Electronics,Germany,2024-03-18,7,26.7,15,158.86,Card,30,Standard
INV11059,1033,340,Books,UK,2024-04-20,9,45.9,10,371.79,Cash,59,Standard
INV11060,1347,310,Books,Germany,2024-11-15,9,17.71,5,151.42,PayPal,49,Standard
INV11061,1094,297,Books,Germany,2024-09-05,6,16.66,10,89.96,PayPal,54,Gold
INV11062,1071,338,Electronics,France,2024-10-10,0,61.75,20,0.0,PayPal,29,Silver
INV11063,1550,378,Sports,France,2024-04-29,8,37.4,10,269.28,Bank Transfer,25,Platinum
INV11064,1153,216,Sports,Germany,2024-08-22,6,42.93,20,206.06,Cash,41,Gold
INV11065,1249,298,Books,UK,2024-02-15,3,8.87,20,21.29,PayPal,61,Standard
INV11066,1673,281,Home,France,2024-12-07,6,18.67,20,89.62,Cash,33,Standard
INV11067,1437,303,Fashion,UK,2024-03-13,9,54.45,20,392.04,Card,49,Platinum
INV11068,1117,351,Sports,Spain,2024-01-26,5,77.62,5,368.7,Card,51,Platinum
INV11069,1770,218,Books,France,2024-11-04,2,66.57,10,119.83,Bank Transfer,52,Gold
INV11070,1890,364,Electronics,Spain,2024-12-23,0,67.48,20,0.0,Cash,49,Standard
INV11071,1305,284,Sports,Spain,2024-04-29,7,72.23,15,429.77,Card,67,Platinum
INV11072,1267,207,Electronics,France,2024-04-02,-1,51.03,5,-48.48,Bank Transfer,34,Gold
INV11073,1960,227,Fashion,France,2024-04-19,0,50.28,15,0.0,Bank Transfer,19,Platinum
INV11074,1053,204,Electronics,Spain,2024-02-03,5,84.45,20,337.8,PayPal,43,Standard
INV11075,1235,344,Sports,UK,2024-02-02,9,67.33,10,545.37,Card,61,Standard
INV11076,1388,300,Home,Germany,2024-01-24,9,10.47,15,80.1,Cash,34,Standard
INV11077,1989,363,Home,Spain,2024-02-14,3,31.55,5,89.92,Card,55,Standard
INV11078,1733,317,Home,Spain,2024-07-02,3,84.51,20,202.82,Card,66,Silver
INV11079,1762,346,Books,Germany,2024-11-28,8,2.81,5,21.36,Cash,19,Silver
INV11080,1824,263,Electronics,UK,2024-04-25,2,80.23,20,128.37,Cash,25,Silver
INV11081,1400,290,Electronics,France,2024-04-09,-1,56.86,20,-45.49,PayPal,63,Gold
INV11082,1623,316,Fashion,France,2024-04-30,-1,20.17,5,-19.16,Bank Transfer,23,Gold
INV11083,1766,297,Books,Germany,2024-05-24,2,8.01,0,16.02,Cash,26,Platinum
INV11084,1302,210,Home,Germany,2024-08-07,6,92.19,20,442.51,Cash,18,Platinum
INV11085,1918,253,Fashion,France,2024-08-19,6,46.51,10,251.15,Card,22,Gold
INV11086,1206,372,Books,Germany,2024-11-23,3,82.77,10,223.48,Cash,56,Platinum
INV11087,1228,246,Fashion,Germany,2024-11-28,0,46.3,20,0.0,Cash,26,Gold
INV11088,1852,339,Home,France,2024-02-28,9,67.81,20,488.23,Card,31,Silver
INV11089,1909,348,Books,France,2024-04-22,8,11.3,5,85.88,Card,44,Gold
INV11090,1577,338,Sports,France,2024-08-17,7,93.96,0,657.72,Card,26,Gold
INV11091,1074,204,Sports,France,2024-04-04,3,70.42,15,179.57,PayPal,53,Platinum
INV11092,1434,383,Electronics,Germany,2024-12-26,5,50.4,15,214.2,Bank Transfer,46,Platinum
INV11093,1102,219,Sports,UK,2024-05-20,5,58.7,20,234.8,Cash,37,Gold
INV11094,1421,368,Home,Spain,2024-03-18,8,4.01,5,30.48,Card,32,Standard
INV11095,1703,245,Fashion,France,2024-11-06,5,12.94,5,61.46,Card,53,Platinum
INV11096,1763,211,Electronics,UK,2024-03-01,5,4.73,5,22.47,Bank Transfer,20,Gold
INV11097,1737,269,Sports,Spain,2024-03-29,9,45.49,10,368.47,PayPal,40,Platinum
INV11098,1805,216,Home,UK,2024-09-06,8,62.29,0,498.32,Cash,63,Standard
INV11099,1305,314,Sports,Germany,2024-05-20,4,60.06,0,240.24,PayPal,26,Platinum
INV11100,1097,346,Sports,Spain,2024-09-20,1,73.26,5,69.6,PayPal,47,Gold
INV11101,1849,353,Sports,Germany,2024-08-15,5,40.15,5,190.71,PayPal,36,Gold
INV11102,1797,247,Home,France,2024-05-12,9,13.23,20,95.26,Card,55,Standard
INV11103,1334,307,Books,Germany,2024-10-06,9,56.57,0,509.13,Bank Transfer,20,Gold
INV11104,1858,251,Books,Spain,2024-08-13,-1,57.35,20,-45.88,Bank Transfer,67,Standard
INV11105,1434,295,Fashion,Germany,2024-09-08,7,57.07,5,379.52,Bank Transfer,65,Gold
INV11106,1446,269,Books,UK,2024-03-29,8,46.15,5,350.74,PayPal,20,Gold
INV11107,1993,382,Electronics,Spain,2024-08-08,-2,60.01,10,-108.02,Cash,51,Platinum
INV11108,1307,301,Sports,UK,2024-04-09,-2,40.61,20,-64.98,PayPal,19,Platinum
INV11109,1248,274,Books,Germany,2024-07-19,9,72.6,15,555.39,Bank Transfer,44,Standard
INV11110,1165,360,Home,Germany,2024-09-12,6,77.82,5,443.57,Card,40,Platinum
INV11111,1480,389,Sports,Spain,2024-11-01,9,70.26,10,569.11,PayPal,59,Silver
INV11112,1983,350,Books,Germany,2024-03-04,2,59.59,0,119.18,Card,49,Standard
INV11113,1334,342,Books,UK,2024-04-18,1,48.7,15,41.4,Bank Transfer,64,Silver
INV11114,1541,354,Fashion,Spain,2024-03-19,-2,38.64,15,-65.69,PayPal,52,Standard
INV11115,1758,391,Fashion,France,2024-01-17,9,73.04,0,657.36,Card,57,Silver
INV11116,1105,378,Home,UK,2024-08-02,-2,41.43,0,-82.86,PayPal,35,Platinum
INV11117,1562,380,Electronics,Germany,2024-09-25,-2,30.09,0,-60.18,Bank Transfer,44,Platinum
INV11118,1080,281,Home,Germany,2024-05-17,8,77.51,0,620.08,Cash,28,Gold
INV11119,1132,291,Sports,Spain,2024-02-11,0,79.89,15,0.0,Bank Transfer,56,Silver
INV11120,1796,378,Books,Germany,2024-06-26,8,39.43,15,268.12,Cash,36,Gold
INV11121,1899,374,Electronics,UK,2024-01-20,1,71.6,10,64.44,Cash,42,Standard
INV11122,1137,203,Books,Spain,2024-01-10,7,72.52,0,507.64,Bank Transfer,24,Silver
INV11123,1183,334,Fashion,France,2024-06-20,-2,16.24,20,-25.98,Card,48,Gold
INV11124,1400,308,Books,France,2024-12-21,6,4.94,5,28.16,PayPal,19,Standard
INV11125,1329,362,Home,France,2024-02-23,7,52.64,5,350.06,PayPal,55,Silver
INV11126,1784,247,Books,France,2024-12-17,5,58.4,0,292.0,PayPal,22,Gold
INV11127,1507,272,Books,Spain,2024-07-10,3,71.69,10,193.56,Cash,31,Silver
INV11128,1851,271,Books,Spain,2024-10-29,9,74.23,5,634.67,Cash,35,Silver
INV11129,1983,315,Electronics,Germany,2024-06-13,8,14.92,5,113.39,Bank Transfer,53,Gold
INV11130,1068,372,Sports,Germany,2024-07-25,8,52.68,5,400.37,Card,21,Platinum
INV11131,1545,280,Fashion,Germany,2024-07-11,-2,22.04,20,-35.26,Bank Transfer,41,Platinum
INV11132,1773,280,Books,France,2024-01-05,7,73.89,0,517.23,Bank Transfer,30,Gold
INV11133,1052,312,Sports,France,2024-10-03,9,24.14,20,173.81,Card,38,Standard
INV11134,1449,295,Electronics,Spain,2024-07-06,3,60.94,20,146.26,Cash,50,Gold
INV11135,1204,271,Fashion,Spain,2024-03-10,6,10.45,15,53.29,Bank Transfer,37,Gold
INV11136,1125,346,Fashion,Spain,2024-12-30,9,17.49,5,149.54,Bank Transfer,22,Silver
INV11137,1746,262,Books,Spain,2024-09-03,-2,44.41,0,-88.82,Cash,41,Platinum
INV11138,1042,237,Electronics,Germany,2024-10-30,-1,53.72,10,-48.35,PayPal,52,Platinum
INV11139,1751,266,Home,Spain,2024-02-24,5,61.08,10,274.86,Card,47,Platinum
INV11140,1970,386,Electronics,Germany,2024-06-08,9,26.56,20,191.23,Card,45,Platinum
INV11141,1882,268,Fashion,Spain,2024-12-11,-2,89.51,10,-161.12,PayPal,68,Gold
INV11142,1110,212,Electronics,Spain,2024-05-12,5,94.03,0,470.15,Card,62,Silver
INV11143,1760,374,Fashion,France,2024-04-06,9,53.04,15,405.76,PayPal,24,Platinum
INV11144,1662,388,Books,Germany,2024-12-25,8,66.78,5,507.53,Bank Transfer,59,Platinum
INV11145,1182,230,Books,France,2024-01-21,9,54.32,5,464.44,Card,52,Silver
INV11146,1847,313,Books,UK,2024-09-14,5,64.03,0,320.15,Card,47,Gold
INV11147,1094,221,Sports,France,2024-02-11,-1,78.88,5,-74.94,Bank Transfer,51,Gold
INV11148,1970,292,Sports,Germany,2024-05-04,1,50.62,20,40.5,Cash,56,Gold
INV11149,1373,370,Electronics,Spain,2024-10-19,7,22.63,0,158.41,Cash,26,Platinum
INV11150,1911,266,Home,France,2024-02-09,-1,91.08,5,-86.53,Bank Transfer,29,Platinum
INV11151,1519,253,Fashion,UK,2024-04-16,-2,96.08,20,-153.73,Card,46,Platinum
INV11152,1899,337,Sports,Germany,2024-01-24,5,28.55,20,114.2,Card,27,Gold
INV11153,1359,241,Books,Spain,2024-01-03,9,77.52,0,697.68,Card,44,Platinum
INV11154,1899,263,Books,Spain,2024-01-03,2,24.72,10,44.5,PayPal,36,Standard
INV11155,1695,325,Fashion,UK,2024-02-03,-2,20.77,0,-41.54,Cash,30,Silver
INV11156,1280,220,Books,UK,2024-11-28,6,72.65,10,392.31,Card,59,Standard
INV11157,1194,393,Sports,Germany,2024-06-28,-2,81.79,15,-139.04,Cash,54,Standard
INV11158,1863,368,Sports,France,2024-06-24,7,81.36,10,512.57,Cash,49,Platinum
INV11159,1194,351,Sports,France,2024-04-21,0,51.55,5,0.0,Card,32,Silver
INV11160,1666,234,Home,France,2024-03-26,0,41.63,5,0.0,Bank Transfer,38,Standard
INV11161,1092,383,Fashion,UK,2024-12-20,0,38.79,20,0.0,Bank Transfer,20,Gold
INV11162,1671,229,Home,France,2024-06-16,0,4.3,10,0.0,Cash,25,Gold
INV11163,1945,256,Home,Spain,2024-02-02,3,14.49,5,41.3,PayPal,23,Gold
INV11164,1060,246,Home,Germany,2024-09-24,5,82.63,10,371.84,Cash,46,Gold
INV11165,1633,362,Home,UK,2024-12-27,8,89.25,15,606.9,Cash,36,Silver
INV11166,1050,218,Home,France,2024-04-16,0,14.01,15,0.0,Bank Transfer,34,Gold
INV11167,1402,313,Sports,Germany,2024-10-03,5,3.85,10,17.32,Card,27,Silver
INV11168,1788,207,Home,Germany,2024-08-01,9,34.8,20,250.56,Card,50,Silver
INV11169,1004,225,Sports,UK,2024-04-19,9,50.27,5,429.81,PayPal,30,Silver
INV11170,1465,312,Home,Spain,2024-11-11,2,21.54,0,43.08,Bank Transfer,44,Silver
INV11171,1603,270,Books,Germany,2024-01-30,9,72.26,15,552.79,Bank Transfer,59,Platinum
INV11172,1681,229,Home,UK,2024-12-25,0,76.23,10,0.0,Cash,29,Standard
INV11173,1828,334,Home,Germany,2024-09-22,3,26.97,20,64.73,Bank Transfer,19,Platinum
INV11174,1533,266,Home,Spain,2024-05-12,5,81.45,10,366.52,Cash,27,Standard
INV11175,1404,264,Fashion,Spain,2024-03-09,2,16.31,5,30.99,PayPal,38,Platinum
INV11176,1837,235,Electronics,Spain,2024-02-17,4,67.04,20,214.53,Bank Transfer,40,Gold
INV11177,1512,224,Books,Spain,2024-02-07,5,29.23,15,124.23,Bank Transfer,18,Silver
INV11178,1644,236,Fashion,UK,2024-02-05,2,72.71,0,145.42,Cash,50,Gold
INV11179,1232,200,Sports,France,2024-08-24,1,82.39,5,78.27,Bank Transfer,69,Gold
INV11180,1523,342,Books,UK,2024-11-21,-1,58.22,0,-58.22,Card,43,Gold
INV11181,1345,236,Sports,UK,2024-02-05,3,55.03,15,140.33,PayPal,32,Platinum
INV11182,1045,340,Home,Spain,2024-09-04,-2,50.52,10,-90.94,Card,39,Gold
INV11183,1545,335,Fashion,Spain,2024-10-04,2,19.59,5,37.22,Cash,42,Silver
INV11184,1944,332,Books,France,2024-04-05,-2,40.93,15,-69.58,Cash,18,Silver
INV11185,1077,387,Sports,Spain,2024-06-29,8,56.39,5,428.56,Cash,43,Standard
INV11186,1729,327,Home,UK,2024-01-27,8,80.89,0,647.12,PayPal,38,Platinum
INV11187,1812,326,Books,France,2024-08-06,1,22.55,5,21.42,Bank Transfer,58,Silver
INV11188,1922,200,Fashion,France,2024-07-25,3,94.35,10,254.74,Card,41,Silver
INV11189,1072,363,Electronics,UK,2024-08-08,-2,45.24,20,-72.38,Bank Transfer,56,Platinum
INV11190,1793,234,Home,Spain,2024-02-25,9,97.65,5,834.91,Cash,33,Gold
INV11191,1248,393,Fashion,Spain,2024-06-19,8,84.66,10,609.55,Bank Transfer,49,Silver
INV11192,1046,390,Electronics,UK,2024-09-02,8,75.74,0,605.92,PayPal,33,Gold
INV11193,1120,303,Electronics,France,2024-06-04,0,13.01,5,0.0,Cash,30,Silver
INV11194,1213,222,Home,Spain,2024-05-29,2,79.24,15,134.71,Bank Transfer,59,Standard
INV11195,1238,208,Home,Germany,2024-07-29,5,74.03,5,351.64,Card,49,Gold
INV11196,1055,233,Sports,Germany,2024-03-06,6,43.09,15,219.76,Cash,67,Silver
INV11197,1349,373,Fashion,Germany,2024-04-13,2,79.55,15,135.23,Cash,58,Platinum
INV11198,1106,327,Sports,Germany,2024-04-19,9,9.4,5,80.37,PayPal,61,Platinum
INV11199,1830,203,Electronics,Germany,2024-06-03,8,87.88,15,597.58,PayPal,41,Platinum
INV11200,1047,357,Fashion,Germany,2024-01-07,6,58.65,0,351.9,Card,30,Silver
INV11201,1572,301,Fashion,France,2024-07-31,5,81.65,20,326.6,Bank Transfer,28,Gold
INV11202,1336,274,Home,Spain,2024-08-01,2,58.84,0,117.68,Bank Transfer,32,Standard
INV11203,1025,298,Electronics,Spain,2024-03-28,4,2.79,10,10.04,Cash,27,Standard
INV11204,1803,271,Home,Germany,2024-09-15,4,4.21,5,16.0,Cash,59,Silver
INV11205,1256,202,Electronics,France,2024-12-15,9,3.08,5,26.33,Bank Transfer,58,Silver
INV11206,1007,341,Sports,UK,2024-11-05,-2,54.41,20,-87.06,Bank Transfer,20,Silver
INV11207,1624,387,Fashion,Germany,2024-01-29,6,7.16,0,42.96,Bank Transfer,33,Gold
INV11208,1866,372,Books,Spain,2024-02-01,0,77.47,20,0.0,Cash,61,Platinum
INV11209,1252,233,Books,Spain,2024-02-28,-2,98.45,0,-196.9,PayPal,34,Gold
INV11210,1691,244,Sports,France,2024-07-28,2,84.73,5,160.99,PayPal,42,Gold
INV11211,1718,260,Electronics,Germany,2024-02-23,9,20.51,0,184.59,Card,47,Silver
INV11212,1302,282,Sports,Spain,2024-09-08,-2,27.78,20,-44.45,Bank Transfer,64,Standard
INV11213,1638,322,Sports,UK,2024-10-29,3,16.57,5,47.22,Bank Transfer,52,Gold
INV11214,1055,301,Fashion,UK,2024-01-14,9,97.12,5,830.38,Bank Transfer,54,Standard
INV11215,1725,215,Sports,UK,2024-02-29,1,79.68,10,71.71,Card,30,Silver
INV11216,1525,265,Home,UK,2024-10-15,7,39.26,20,219.86,Bank Transfer,41,Gold
INV11217,1473,367,Sports,UK,2024-05-11,-1,69.0,20,-55.2,PayPal,55,Platinum
INV11218,1027,344,Electronics,France,2024-04-24,1,46.85,0,46.85,Bank Transfer,43,Platinum
INV11219,1982,318,Books,Spain,2024-10-30,1,29.67,20,23.74,Card,26,Gold
INV11220,1077,361,Books,Spain,2024-09-19,-2,22.28,10,-40.1,Cash,36,Platinum
INV11221,1215,323,Books,France,2024-06-23,0,9.63,5,0.0,Cash,45,Gold
INV11222,1385,343,Electronics,UK,2024-10-30,0,30.54,5,0.0,PayPal,24,Platinum
INV11223,1364,301,Sports,Spain,2024-11-04,0,12.42,0,0.0,PayPal,62,Silver
INV11224,1665,387,Books,UK,2024-01-06,5,64.49,15,274.08,PayPal,39,Platinum
INV11225,1525,265,Electronics,Germany,2024-12-23,9,65.41,20,470.95,Cash,47,Platinum
INV11226,1698,393,Books,Germany,2024-03-22,-1,9.26,20,-7.41,Bank Transfer,54,Silver
INV11227,1311,212,Electronics,UK,2024-10-20,3,56.57,15,144.25,Card,33,Silver
INV11228,1882,383,Home,UK,2024-10-26,4,4.49,0,17.96,Card,53,Platinum
INV11229,1006,310,Electronics,UK,2024-03-24,8,54.17,5,411.69,Bank Transfer,22,Standard
INV11230,1002,358,Electronics,France,2024-04-25,7,64.95,5,431.92,Cash,46,Standard
INV11231,1622,233,Books,France,2024-12-13,7,50.08,10,315.5,Cash,69,Gold
INV11232,1918,238,Books,UK,2024-02-26,9,97.94,5,837.39,Card,68,Platinum
INV11233,1749,394,Books,UK,2024-02-04,-1,9.67,15,-8.22,PayPal,40,Gold
INV11234,1362,335,Home,UK,2024-03-18,8,43.0,10,309.6,PayPal,23,Silver
INV11235,1750,319,Books,Germany,2024-06-12,6,5.31,10,28.67,Card,53,Platinum
INV11236,1507,325,Fashion,Spain,2024-07-09,4,36.1,15,122.74,Card,50,Silver
INV11237,1273,254,Fashion,Spain,2024-10-22,2,16.27,5,30.91,Bank Transfer,66,Platinum
INV11238,1505,226,Home,France,2024-10-12,0,13.34,10,0.0,Bank Transfer,58,Platinum
INV11239,1805,317,Fashion,Spain,2024-04-03,-1,26.35,0,-26.35,Bank Transfer,33,Silver
INV11240,1738,252,Fashion,Germany,2024-07-30,7,70.31,20,393.74,Bank Transfer,51,Platinum
INV11241,1882,238,Books,France,2024-03-31,5,59.05,15,250.96,Bank Transfer,60,Platinum
INV11242,1014,264,Fashion,Spain,2024-06-16,9,3.05,5,26.08,Bank Transfer,43,Gold
INV11243,1191,344,Electronics,Germany,2024-02-24,-2,82.82,5,-157.36,PayPal,54,Silver
INV11244,1984,357,Fashion,France,2024-07-27,-1,22.23,15,-18.9,Card,30,Standard
INV11245,1630,380,Home,UK,2024-06-19,7,17.35,20,97.16,Cash,69,Standard
INV11246,1484,212,Sports,Spain,2024-01-27,2,17.03,5,32.36,Bank Transfer,34,Platinum
INV11247,1027,220,Fashion,France,2024-06-16,3,46.59,20,111.82,PayPal,49,Gold
INV11248,1713,346,Books,Germany,2024-10-12,3,74.42,0,223.26,Card,49,Platinum
INV11249,1038,252,Home,UK,2024-03-16,7,8.31,5,55.26,Card,45,Gold
INV11250,1952,218,Fashion,Germany,2024-03-01,6,52.96,20,254.21,Card,46,Platinum
INV11251,1272,256,Sports,Germany,2024-02-21,6,77.85,5,443.74,Bank Transfer,42,Standard
INV11252,1230,224,Books,Spain,2024-09-01,7,16.95,0,118.65,Bank Transfer,64,Silver
INV11253,1085,230,Electronics,France,2024-12-02,9,46.05,10,373.0,Cash,39,Gold
INV11254,1473,280,Electronics,Spain,2024-02-08,2,69.41,5,131.88,Bank Transfer,44,Platinum
INV11255,1125,382,Electronics,UK,2024-06-11,9,45.33,10,367.17,Card,61,Platinum
INV11256,1811,222,Home,Spain,2024-06-21,0,60.34,0,0.0,Card,55,Gold
INV11257,1536,231,Fashion,Germany,2024-03-06,5,17.51,20,70.04,PayPal,37,Gold
INV11258,1144,389,Home,UK,2024-09-15,8,91.51,5,695.48,PayPal,62,Standard
INV11259,1524,273,Fashion,Germany,2024-10-06,3,3.82,10,10.31,Cash,67,Gold
INV11260,1211,209,Fashion,Spain,2024-09-18,5,51.1,5,242.72,PayPal,41,Platinum
INV11261,1024,399,Electronics,UK,2024-09-19,-1,67.88,10,-61.09,Cash,64,Standard
INV11262,1579,253,Sports,France,2024-06-24,2,54.13,0,108.26,PayPal,64,Standard
INV11263,1393,251,Fashion,UK,2024-09-08,7,70.51,5,468.89,Card,25,Silver
INV11264,1066,347,Books,UK,2024-11-25,4,64.88,5,246.54,Bank Transfer,68,Silver
INV11265,1232,359,Electronics,France,2024-02-13,1,27.73,0,27.73,Bank Transfer,31,Silver
INV11266,1108,313,Home,Germany,2024-03-23,8,58.73,20,375.87,Cash,56,Gold
INV11267,1145,213,Sports,Spain,2024-05-09,8,17.67,20,113.09,Bank Transfer,31,Standard
INV11268,1110,377,Fashion,Germany,2024-10-05,9,8.74,15,66.86,Bank Transfer,22,Gold
INV11269,1227,355,Sports,UK,2024-01-03,-2,9.32,15,-15.84,PayPal,64,Standard
INV11270,1110,309,Electronics,France,2024-08-28,7,47.31,10,298.05,Card,38,Platinum
INV11271,1469,252,Fashion,France,2024-07-31,0,44.99,20,0.0,Bank Transfer,32,Gold
INV11272,1033,351,Sports,Germany,2024-08-22,7,56.1,15,333.79,Card,53,Standard
INV11273,1622,278,Books,Spain,2024-02-21,-2,81.29,0,-162.58,PayPal,50,Silver
INV11274,1775,221,Sports,UK,2024-08-25,5,80.41,20,321.64,PayPal,34,Silver
INV11275,1935,229,Electronics,UK,2024-08-17,7,51.0,5,339.15,Bank Transfer,37,Platinum
INV11276,1368,390,Books,France,2024-12-06,5,16.39,5,77.85,Bank Transfer,18,Gold
INV11277,1747,203,Electronics,Germany,2024-10-26,0,28.64,15,0.0,PayPal,33,Standard
INV11278,1594,258,Books,France,2024-09-08,7,71.98,20,403.09,PayPal,62,Silver
INV11279,1553,207,Sports,Spain,2024-09-24,5,56.36,5,267.71,Cash,35,Standard
INV11280,1424,211,Books,France,2024-10-01,8,75.32,15,512.18,Cash,27,Gold
INV11281,1612,318,Books,UK,2024-09-11,-1,73.21,10,-65.89,Card,40,Silver
INV11282,1517,358,Sports,Spain,2024-08-10,0,64.51,15,0.0,PayPal,35,Platinum
INV11283,1691,233,Books,UK,2024-07-17,6,83.52,5,476.06,Card,66,Platinum
INV11284,1281,281,Fashion,Germany,2024-05-01,9,35.83,15,274.1,PayPal,26,Gold
INV11285,1319,297,Home,France,2024-11-13,9,58.37,15,446.53,Card,63,Gold
INV11286,1737,326,Electronics,UK,2024-07-19,-2,8.85,0,-17.7,Cash,47,Standard
INV11287,1442,274,Electronics,Germany,2024-11-17,8,16.4,15,111.52,PayPal,30,Platinum
INV11288,1951,304,Sports,Germany,2024-12-20,8,23.03,20,147.39,PayPal,69,Gold
INV11289,1314,248,Fashion,UK,2024-04-26,5,77.07,10,346.82,Card,69,Gold
INV11290,1876,278,Sports,UK,2024-12-21,8,68.77,5,522.65,Card,48,Platinum
INV11291,1965,384,Fashion,Spain,2024-04-18,-2,90.79,0,-181.58,Bank Transfer,63,Standard
INV11292,1740,292,Electronics,Spain,2024-01-27,6,55.15,15,281.26,Bank Transfer,60,Standard
INV11293,1376,353,Electronics,UK,2024-12-05,5,51.21,0,256.05,Cash,30,Platinum
INV11294,1288,217,Sports,France,2024-11-11,-1,5.74,0,-5.74,PayPal,49,Platinum
INV11295,1436,295,Home,Spain,2024-11-16,-2,93.54,20,-149.66,PayPal,34,Platinum
INV11296,1661,237,Fashion,France,2024-08-04,6,21.6,15,110.16,Card,20,Platinum
INV11297,1276,286,Fashion,UK,2024-07-14,1,44.06,10,39.65,Cash,18,Platinum
INV11298,1709,287,Fashion,Spain,2024-08-11,-1,54.29,15,-46.15,PayPal,22,Gold
INV11299,1581,249,Sports,UK,2024-03-07,8,30.75,20,196.8,Cash,49,Silver
INV11300,1502,207,Books,France,2024-09-02,7,37.71,15,224.37,Bank Transfer,42,Platinum
INV11301,1623,368,Fashion,France,2024-06-20,0,98.04,10,0.0,Card,62,Silver
INV11302,1515,333,Sports,UK,2024-01-05,6,77.57,5,442.15,PayPal,22,Standard
INV11303,1349,268,Books,UK,2024-03-26,7,91.81,15,546.27,Card,54,Gold
INV11304,1842,371,Fashion,UK,2024-03-03,0,79.15,15,0.0,Bank Transfer,40,Silver
INV11305,1445,320,Electronics,UK,2024-05-07,9,79.42,20,571.82,Cash,29,Standard
INV11306,1829,263,Sports,Germany,2024-12-07,4,59.93,5,227.73,Cash,51,Standard
INV11307,1349,356,Fashion,Spain,2024-05-06,7,7.46,20,41.78,Bank Transfer,40,Standard
INV11308,1606,355,Electronics,UK,2024-09-18,4,17.18,20,54.98,Bank Transfer,33,Platinum
INV11309,1663,338,Books,France,2024-02-06,1,97.88,0,97.88,PayPal,66,Gold
INV11310,1822,320,Home,Spain,2024-01-18,5,5.38,20,21.52,PayPal,22,Standard
INV11311,1136,264,Sports,UK,2024-08-02,6,27.81,5,158.52,PayPal,61,Platinum
INV11312,1758,306,Electronics,Spain,2024-07-12,6,43.0,10,232.2,PayPal,64,Silver
INV11313,1898,346,Home,Spain,2024-05-20,-2,82.58,20,-132.13,PayPal,45,Gold
INV11314,1242,336,Sports,France,2024-09-30,7,29.34,20,164.3,Cash,23,Silver
INV11315,1542,354,Books,France,2024-08-08,8,72.45,15,492.66,PayPal,30,Silver
INV11316,1039,361,Books,UK,2024-06-12,6,23.58,0,141.48,Bank Transfer,60,Platinum
INV11317,1228,371,Sports,UK,2024-05-01,6,38.55,10,208.17,Bank Transfer,47,Silver
INV11318,1547,395,Fashion,UK,2024-11-05,6,35.67,10,192.62,PayPal,43,Gold
INV11319,1919,299,Electronics,Spain,2024-06-14,1,18.51,15,15.73,Bank Transfer,34,Silver
INV11320,1222,281,Fashion,France,2024-03-18,5,61.43,0,307.15,Card,26,Platinum
INV11321,1005,342,Home,Germany,2024-10-30,3,94.89,15,241.97,Cash,33,Standard
INV11322,1321,250,Books,UK,2024-07-04,2,4.01,0,8.02,Cash,66,Platinum
INV11323,1467,340,Fashion,Germany,2024-01-01,8,11.0,15,74.8,PayPal,69,Standard
INV11324,1731,282,Sports,UK,2024-06-09,6,78.09,15,398.26,Card,35,Silver
INV11325,1074,376,Fashion,France,2024-02-14,4,24.29,15,82.59,PayPal,30,Standard
INV11326,1003,397,Sports,UK,2024-10-14,4,82.75,0,331.0,PayPal,46,Platinum
INV11327,1846,311,Sports,Germany,2024-11-07,5,84.03,20,336.12,Bank Transfer,60,Platinum
INV11328,1645,255,Sports,France,2024-09-05,2,15.21,5,28.9,Cash,62,Gold
INV11329,1117,378,Sports,France,2024-04-01,7,53.97,5,358.9,Card,41,Gold
INV11330,1880,364,Fashion,UK,2024-10-23,5,36.25,5,172.19,Bank Transfer,62,Standard
INV11331,1605,344,Electronics,Germany,2024-05-13,1,97.81,5,92.92,Cash,61,Standard
INV11332,1503,385,Sports,UK,2024-11-12,7,55.9,15,332.6,Cash,63,Gold
INV11333,1997,356,Home,Germany,2024-01-15,2,35.01,5,66.52,PayPal,30,Silver
INV11334,1946,360,Fashion,Germany,2024-06-10,4,75.51,15,256.73,Card,42,Gold
INV11335,1573,259,Sports,Spain,2024-12-05,2,40.49,10,72.88,PayPal,58,Silver
INV11336,1440,319,Home,France,2024-06-24,4,32.58,0,130.32,Bank Transfer,63,Standard
INV11337,1193,382,Home,France,2024-05-24,0,33.83,0,0.0,PayPal,18,Standard
INV11338,1846,337,Electronics,UK,2024-01-14,7,49.54,15,294.76,PayPal,26,Platinum
INV11339,1714,374,Books,UK,2024-12-25,5,71.4,0,357.0,Cash,21,Platinum
INV11340,1391,222,Fashion,UK,2024-01-14,4,38.62,15,131.31,Cash,45,Silver
INV11341,1025,348,Electronics,Germany,2024-02-13,8,48.71,0,389.68,Bank Transfer,29,Silver
INV11342,1434,212,Sports,UK,2024-10-28,1,76.43,10,68.79,Cash,41,Gold
INV11343,1172,300,Books,UK,2024-04-19,8,5.15,10,37.08,Cash,63,Silver
INV11344,1299,360,Fashion,Germany,2024-12-26,7,19.35,15,115.13,Cash,26,Standard
INV11345,1644,223,Books,UK,2024-11-15,4,58.78,0,235.12,PayPal,52,Standard
INV11346,1325,307,Fashion,Spain,2024-03-23,-1,89.72,0,-89.72,Card,55,Standard
INV11347,1409,210,Books,Spain,2024-10-20,8,32.5,15,221.0,Bank Transfer,52,Platinum
INV11348,1117,216,Fashion,Germany,2024-11-23,-2,15.8,10,-28.44,PayPal,50,Silver
INV11349,1835,395,Home,Germany,2024-08-07,8,62.7,20,401.28,Bank Transfer,52,Silver
INV11350,1786,374,Sports,Germany,2024-05-12,0,98.55,20,0.0,PayPal,63,Platinum
INV11351,1723,224,Fashion,France,2024-04-18,4,42.17,15,143.38,Bank Transfer,37,Platinum
INV11352,1224,293,Books,UK,2024-05-25,3,53.62,0,160.86,Cash,19,Platinum
INV11353,1531,220,Home,Germany,2024-06-21,9,13.9,5,118.84,Bank Transfer,61,Standard
INV11354,1112,283,Fashion,Germany,2024-10-29,3,87.98,15,224.35,Card,43,Silver
INV11355,1139,339,Fashion,France,2024-01-06,4,93.76,20,300.03,Bank Transfer,59,Gold
INV11356,1558,236,Fashion,Germany,2024-09-19,1,98.33,15,83.58,Card,30,Gold
INV11357,1000,241,Fashion,Spain,2024-11-11,0,27.41,5,0.0,Bank Transfer,47,Silver
INV11358,1089,344,Fashion,Spain,2024-07-26,5,50.71,0,253.55,Cash,69,Silver
INV11359,1653,300,Sports,UK,2024-10-09,5,32.62,15,138.64,Bank Transfer,49,Platinum
INV11360,1319,247,Electronics,UK,2024-02-18,1,39.52,5,37.54,PayPal,53,Platinum
INV11361,1549,302,Fashion,Spain,2024-11-08,1,18.48,15,15.71,Cash,36,Standard
INV11362,1804,227,Electronics,Germany,2024-03-07,3,49.29,15,125.69,Cash,39,Platinum
INV11363,1893,240,Books,Germany,2024-08-09,-1,18.43,0,-18.43,PayPal,18,Silver
INV11364,1138,298,Fashion,Germany,2024-08-28,4,4.38,0,17.52,Cash,28,Standard
INV11365,1510,246,Books,Spain,2024-01-27,-1,75.21,10,-67.69,Cash,43,Gold
INV11366,1867,345,Books,France,2024-07-02,-1,26.44,10,-23.8,PayPal,65,Silver
INV11367,1844,304,Sports,Spain,2024-03-11,-1,84.98,0,-84.98,Cash,36,Gold
INV11368,1258,323,Sports,UK,2024-09-16,-1,24.77,0,-24.77,Cash,36,Silver
INV11369,1672,398,Fashion,UK,2024-05-15,6,13.68,15,69.77,Cash,29,Silver
INV11370,1901,212,Books,Spain,2024-03-18,4,87.04,20,278.53,Cash,20,Standard
INV11371,1689,340,Sports,Spain,2024-10-03,9,89.04,0,801.36,Bank Transfer,35,Standard
INV11372,1009,299,Sports,Spain,2024-03-12,-1,19.39,20,-15.51,Cash,66,Platinum
INV11373,1260,230,Home,UK,2024-07-19,9,42.87,15,327.96,Cash,22,Silver
INV11374,1918,329,Fashion,Spain,2024-03-23,6,46.63,20,223.82,Cash,65,Silver
INV11375,1649,215,Sports,Germany,2024-11-17,3,91.72,0,275.16,Bank Transfer,41,Standard
INV11376,1171,336,Home,UK,2024-07-16,5,46.85,5,222.54,Card,31,Gold
INV11377,1897,272,Fashion,Germany,2024-04-13,0,8.35,5,0.0,Cash,68,Platinum
INV11378,1012,365,Fashion,Spain,2024-09-29,3,73.3,10,197.91,Card,55,Silver
INV11379,1167,253,Home,Germany,2024-02-16,4,89.32,15,303.69,Card,20,Standard
INV11380,1641,383,Electronics,UK,2024-05-25,1,3.32,0,3.32,PayPal,23,Silver
INV11381,1595,299,Fashion,Spain,2024-10-30,2,31.52,15,53.58,PayPal,29,Standard
INV11382,1320,308,Books,UK,2024-06-03,2,93.07,20,148.91,Card,69,Platinum
INV11383,1318,286,Home,Germany,2024-04-08,0,25.99,5,0.0,Bank Transfer,28,Gold
INV11384,1612,372,Books,Spain,2024-06-17,5,31.93,5,151.67,Cash,56,Silver
INV11385,1328,361,Books,Spain,2024-02-18,5,79.28,20,317.12,Cash,43,Silver
INV11386,1784,336,Books,France,2024-06-05,3,68.73,5,195.88,Cash,18,Platinum
INV11387,1776,207,Electronics,UK,2024-04-23,3,51.23,15,130.64,PayPal,33,Gold
INV11388,1970,206,Books,UK,2024-09-20,4,29.73,20,95.14,PayPal,65,Silver
INV11389,1910,235,Electronics,UK,2024-09-07,3,63.84,5,181.94,Cash,66,Platinum
INV11390,1919,217,Sports,Spain,2024-07-31,-1,20.99,15,-17.84,Card,64,Silver
INV11391,1549,202,Home,France,2024-10-27,2,59.74,10,107.53,PayPal,26,Silver
INV11392,1418,227,Electronics,UK,2024-10-09,9,77.76,5,664.85,Cash,22,Platinum
INV11393,1605,269,Sports,Germany,2024-02-05,4,55.52,20,177.66,Card,69,Platinum
INV11394,1094,371,Sports,France,2024-06-03,0,28.14,0,0.0,Cash,25,Standard
INV11395,1816,348,Books,UK,2024-10-06,6,3.95,5,22.52,PayPal,38,Standard
INV11396,1580,227,Sports,UK,2024-09-03,2,79.71,5,151.45,Bank Transfer,50,Silver
INV11397,1317,253,Home,UK,2024-12-21,5,89.66,10,403.47,Bank Transfer,56,Platinum
INV11398,1955,381,Electronics,Germany,2024-11-21,4,52.42,20,167.74,PayPal,60,Gold
INV11399,1235,264,Electronics,France,2024-09-06,1,6.11,20,4.89,Card,37,Gold
INV11400,1945,299,Home,France,2024-12-04,9,46.23,15,353.66,Cash,62,Silver
INV11401,1333,220,Home,Spain,2024-10-08,2,72.47,0,144.94,PayPal,39,Standard
INV11402,1884,212,Books,UK,2024-12-13,8,63.13,5,479.79,Card,30,Platinum
INV11403,1375,256,Fashion,Spain,2024-03-17,7,99.71,0,697.97,Cash,56,Platinum
INV11404,1458,248,Sports,France,2024-07-24,-2,12.6,20,-20.16,Cash,28,Standard
INV11405,1136,317,Books,Germany,2024-09-24,3,7.82,10,21.11,PayPal,35,Platinum
INV11406,1929,253,Sports,UK,2024-01-28,3,49.44,10,133.49,Cash,47,Silver
INV11407,1587,337,Home,France,2024-09-06,9,6.46,10,52.33,Bank Transfer,50,Platinum
INV11408,1994,252,Fashion,Germany,2024-12-16,-1,71.92,0,-71.92,Bank Transfer,61,Platinum
INV11409,1546,243,Electronics,UK,2024-07-31,7,42.9,5,285.29,Cash,20,Standard
INV11410,1512,246,Fashion,Spain,2024-04-17,-2,40.16,10,-72.29,PayPal,18,Standard
INV11411,1295,252,Books,UK,2024-03-18,2,71.15,20,113.84,Cash,53,Gold
INV11412,1319,273,Fashion,France,2024-07-11,-2,79.08,15,-134.44,PayPal,23,Silver
INV11413,1917,245,Fashion,France,2024-11-11,6,50.15,20,240.72,PayPal,54,Standard
INV11414,1571,212,Home,Germany,2024-04-17,7,36.67,5,243.86,Bank Transfer,46,Standard
INV11415,1831,364,Sports,Germany,2024-06-06,6,26.51,15,135.2,Bank Transfer,28,Standard
INV11416,1348,301,Electronics,France,2024-06-12,3,74.47,0,223.41,Card,69,Platinum
INV11417,1839,223,Fashion,Spain,2024-03-08,-2,44.59,5,-84.72,PayPal,30,Silver
INV11418,1778,201,Electronics,Spain,2024-01-25,-2,69.54,10,-125.17,Cash,28,Silver
INV11419,1872,280,Sports,Germany,2024-04-29,0,63.02,5,0.0,PayPal,55,Platinum
INV11420,1228,299,Electronics,France,2024-02-07,0,95.85,0,0.0,Bank Transfer,68,Platinum
INV11421,1269,341,Sports,UK,2024-04-01,7,82.22,15,489.21,PayPal,42,Standard
INV11422,1827,337,Home,Germany,2024-02-16,-2,56.38,15,-95.85,Card,32,Gold
INV11423,1797,362,Sports,France,2024-04-24,0,19.48,20,0.0,Cash,30,Gold
INV11424,1290,352,Fashion,Spain,2024-08-01,9,6.86,10,55.57,PayPal,59,Silver
INV11425,1724,330,Books,UK,2024-07-31,6,35.95,10,194.13,Cash,50,Gold
INV11426,1164,310,Electronics,UK,2024-05-28,9,57.77,20,415.94,Cash,30,Standard
INV11427,1004,301,Fashion,Germany,2024-06-17,5,95.0,5,451.25,Bank Transfer,55,Platinum
INV11428,1850,216,Sports,UK,2024-08-28,6,65.48,0,392.88,PayPal,41,Silver
INV11429,1378,211,Sports,France,2024-02-12,-1,40.75,5,-38.71,Cash,37,Silver
INV11430,1077,381,Sports,UK,2024-04-18,-1,19.32,0,-19.32,Bank Transfer,61,Platinum
INV11431,1409,315,Sports,UK,2024-01-28,-2,30.29,15,-51.49,Card,34,Gold
INV11432,1573,223,Home,France,2024-12-24,7,17.41,15,103.59,Card,67,Silver
INV11433,1131,228,Books,UK,2024-09-10,3,49.02,5,139.71,PayPal,41,Platinum
INV11434,1600,370,Home,Germany,2024-04-23,3,35.92,10,96.98,Cash,43,Platinum
INV11435,1748,352,Home,UK,2024-12-01,1,84.1,15,71.48,PayPal,57,Gold
INV11436,1041,321,Fashion,France,2024-01-26,6,67.69,20,324.91,Cash,49,Gold
INV11437,1088,387,Fashion,France,2024-02-28,8,16.13,20,103.23,Bank Transfer,46,Standard
INV11438,1401,289,Home,UK,2024-04-29,3,97.34,10,262.82,Card,31,Gold
INV11439,1295,264,Sports,Germany,2024-04-18,6,6.73,5,38.36,Card,54,Gold
INV11440,1839,283,Fashion,France,2024-11-28,4,90.48,5,343.82,Card,39,Platinum
INV11441,1294,318,Books,UK,2024-07-09,3,38.29,0,114.87,Card,51,Silver
INV11442,1615,355,Home,Germany,2024-04-20,2,53.47,0,106.94,PayPal,44,Platinum
INV11443,1525,215,Fashion,France,2024-02-19,5,37.33,10,167.98,Cash,45,Standard
INV11444,1799,374,Home,France,2024-03-21,5,68.9,10,310.05,PayPal,39,Platinum
INV11445,1690,303,Sports,UK,2024-05-26,3,6.9,10,18.63,Bank Transfer,60,Standard
INV11446,1636,291,Home,UK,2024-04-03,-2,70.08,20,-112.13,Card,20,Gold
INV11447,1421,385,Fashion,Spain,2024-02-11,-2,85.18,5,-161.84,Cash,39,Silver
INV11448,1864,226,Sports,UK,2024-07-30,7,15.83,10,99.73,PayPal,65,Silver
INV11449,1022,380,Fashion,Spain,2024-04-07,2,71.67,10,129.01,Cash,38,Platinum
INV11450,1574,369,Electronics,Spain,2024-08-30,3,31.21,10,84.27,PayPal,33,Silver
INV11451,1142,386,Electronics,Spain,2024-08-20,3,74.43,15,189.8,Cash,26,Standard
INV11452,1992,374,Fashion,UK,2024-03-03,4,64.68,0,258.72,Cash,30,Standard
INV11453,1664,361,Electronics,UK,2024-01-09,6,78.47,0,470.82,Card,27,Gold
INV11454,1144,364,Fashion,Spain,2024-10-22,9,86.41,20,622.15,PayPal,66,Platinum
INV11455,1224,333,Home,UK,2024-11-15,3,99.23,15,253.04,Bank Transfer,38,Gold
INV11456,1502,334,Home,UK,2024-01-30,-1,86.75,15,-73.74,Cash,66,Silver
INV11457,1961,352,Fashion,Spain,2024-10-11,2,6.23,15,10.59,Bank Transfer,59,Gold
INV11458,1973,232,Electronics,Germany,2024-05-25,3,43.93,0,131.79,Card,57,Silver
INV11459,1820,254,Sports,Germany,2024-08-31,6,60.03,15,306.15,Bank Transfer,24,Standard
INV11460,1615,385,Fashion,Germany,2024-09-11,-2,77.19,0,-154.38,Cash,63,Platinum
INV11461,1103,206,Books,Germany,2024-11-13,2,86.81,10,156.26,Cash,39,Platinum
INV11462,1946,256,Sports,Germany,2024-01-27,4,59.17,15,201.18,Cash,35,Gold
INV11463,1038,325,Sports,Spain,2024-08-14,-1,3.96,5,-3.76,PayPal,38,Silver
INV11464,1946,211,Electronics,UK,2024-07-09,7,94.21,20,527.58,Bank Transfer,68,Standard
INV11465,1197,215,Fashion,France,2024-09-07,3,59.85,5,170.57,PayPal,67,Silver
INV11466,1645,242,Books,Spain,2024-10-28,3,20.82,15,53.09,Cash,31,Gold
INV11467,1578,316,Sports,Germany,2024-06-09,8,97.7,15,664.36,Cash,27,Silver
INV11468,1390,334,Fashion,UK,2024-02-21,9,99.1,0,891.9,Card,50,Standard
INV11469,1178,310,Books,France,2024-12-20,2,33.53,0,67.06,Card,26,Gold
INV11470,1967,250,Home,UK,2024-07-04,9,88.03,15,673.43,Cash,35,Standard
INV11471,1553,359,Home,France,2024-08-07,6,50.56,20,242.69,PayPal,30,Gold
INV11472,1447,274,Sports,Spain,2024-07-11,1,68.65,5,65.22,PayPal,34,Platinum
INV11473,1499,207,Home,UK,2024-12-16,-1,41.57,5,-39.49,Cash,40,Silver
INV11474,1014,399,Home,Germany,2024-04-10,3,75.34,20,180.82,Bank Transfer,42,Standard
INV11475,1622,244,Electronics,Spain,2024-01-28,2,40.18,15,68.31,PayPal,33,Standard
INV11476,1668,258,Electronics,Germany,2024-07-14,1,91.3,5,86.74,Cash,41,Silver
INV11477,1288,331,Fashion,UK,2024-12-07,4,12.76,15,43.38,Card,48,Standard
INV11478,1477,303,Fashion,Spain,2024-06-22,3,7.45,15,19.0,Cash,28,Standard
INV11479,1230,394,Sports,Spain,2024-09-05,2,31.83,5,60.48,PayPal,40,Standard
INV11480,1922,356,Sports,Germany,2024-02-12,6,93.35,0,560.1,Cash,58,Platinum
INV11481,1419,356,Electronics,Spain,2024-01-28,-2,43.11,0,-86.22,Bank Transfer,56,Standard
INV11482,1156,297,Sports,Germany,2024-12-10,3,9.27,0,27.81,Bank Transfer,39,Platinum
INV11483,1549,355,Fashion,Germany,2024-05-02,-1,98.4,10,-88.56,PayPal,50,Silver
INV11484,1440,278,Books,Germany,2024-06-28,7,84.75,15,504.26,Cash,58,Platinum
INV11485,1096,323,Fashion,UK,2024-08-05,9,44.35,5,379.19,Bank Transfer,59,Standard
INV11486,1996,371,Books,France,2024-09-14,7,72.05,0,504.35,Bank Transfer,65,Standard
INV11487,1410,203,Electronics,France,2024-01-23,8,15.64,5,118.86,Card,35,Standard
INV11488,1950,289,Books,UK,2024-03-24,4,91.07,10,327.85,PayPal,31,Platinum
INV11489,1288,303,Home,Germany,2024-03-24,4,3.37,15,11.46,Card,45,Gold
INV11490,1253,336,Electronics,Germany,2024-12-24,9,20.44,0,183.96,Card,28,Gold
INV11491,1195,318,Fashion,France,2024-09-20,5,73.7,0,368.5,Bank Transfer,41,Silver
INV11492,1597,332,Sports,France,2024-09-14,-2,84.98,15,-144.47,Cash,53,Silver
INV11493,1833,255,Books,Spain,2024-09-24,-1,24.01,20,-19.21,Card,36,Silver
INV11494,1521,295,Sports,France,2024-02-05,9,74.97,0,674.73,PayPal,30,Standard
INV11495,1516,377,Books,Germany,2024-12-24,-1,6.88,0,-6.88,PayPal,50,Gold
INV11496,1634,274,Home,UK,2024-08-17,-1,73.33,5,-69.66,Cash,36,Gold
INV11497,1841,342,Electronics,Spain,2024-08-26,-1,76.68,5,-72.85,PayPal,64,Silver
INV11498,1864,231,Fashion,UK,2024-10-02,-1,68.52,0,-68.52,Card,69,Gold
INV11499,1117,227,Books,Spain,2024-02-09,7,28.25,5,187.86,Cash,49,Silver
INV11500,1805,221,Electronics,Spain,2024-12-19,-2,19.35,15,-32.9,PayPal,32,Standard
INV11501,1908,216,Electronics,UK,2024-09-25,9,16.24,5,138.85,PayPal,28,Gold
INV11502,1158,258,Electronics,UK,2024-01-13,5,49.67,10,223.52,Card,40,Standard
INV11503,1814,289,Books,Spain,2024-12-04,8,78.16,5,594.02,Card,22,Standard
INV11504,1227,398,Books,UK,2024-09-12,3,87.96,0,263.88,Card,39,Gold
INV11505,1876,305,Fashion,Spain,2024-06-05,3,72.82,5,207.54,Card,59,Platinum
INV11506,1215,384,Books,UK,2024-08-25,-2,75.74,5,-143.91,Cash,35,Silver
INV11507,1947,225,Books,UK,2024-12-26,0,35.23,0,0.0,Cash,24,Gold
INV11508,1695,224,Home,Spain,2024-03-21,5,74.5,0,372.5,Cash,50,Standard
INV11509,1014,337,Fashion,Germany,2024-08-11,-2,13.52,5,-25.69,Bank Transfer,20,Silver
INV11510,1156,244,Books,Germany,2024-07-22,6,50.58,20,242.78,Card,45,Standard
INV11511,1647,282,Sports,UK,2024-10-26,0,22.97,20,0.0,Card,18,Silver
INV11512,1260,210,Books,Germany,2024-01-09,7,50.4,5,335.16,Cash,66,Gold
INV11513,1156,380,Fashion,France,2024-03-13,8,37.35,5,283.86,PayPal,64,Standard
INV11514,1046,399,Books,Germany,2024-11-24,1,89.95,5,85.45,PayPal,54,Silver
INV11515,1323,303,Books,France,2024-11-16,2,71.31,0,142.62,Card,39,Silver
INV11516,1843,267,Books,UK,2024-03-10,7,42.03,15,250.08,Card,65,Gold
INV11517,1684,294,Sports,Germany,2024-04-17,8,94.35,5,717.06,Cash,61,Silver
INV11518,1129,355,Books,Germany,2024-10-07,3,54.86,15,139.89,Card,36,Silver
INV11519,1410,264,Home,Spain,2024-08-10,0,27.1,20,0.0,PayPal,31,Standard
INV11520,1094,248,Fashion,France,2024-01-04,2,21.77,15,37.01,PayPal,20,Gold
INV11521,1626,374,Fashion,UK,2024-03-20,-1,41.98,15,-35.68,Card,36,Gold
INV11522,1754,251,Electronics,Germany,2024-10-27,7,51.61,15,307.08,Cash,50,Standard
INV11523,1931,301,Books,Germany,2024-01-03,6,12.43,10,67.12,Cash,38,Platinum
INV11524,1291,381,Books,Germany,2024-11-23,2,27.03,0,54.06,PayPal,18,Standard
INV11525,1793,387,Electronics,Germany,2024-07-15,-1,41.37,5,-39.3,Cash,43,Standard
INV11526,1810,256,Fashion,France,2024-10-29,3,85.82,5,244.59,PayPal,27,Platinum
INV11527,1282,246,Home,Spain,2024-09-17,-1,50.34,20,-40.27,Card,52,Silver
INV11528,1068,358,Home,Spain,2024-10-04,8,12.25,15,83.3,PayPal,30,Gold
INV11529,1659,373,Electronics,Spain,2024-01-17,-1,47.11,15,-40.04,Card,23,Gold
INV11530,1010,225,Fashion,Germany,2024-03-18,7,10.41,0,72.87,Cash,60,Platinum
INV11531,1253,313,Fashion,Spain,2024-05-14,5,38.12,5,181.07,Bank Transfer,23,Gold
INV11532,1841,204,Books,Germany,2024-03-23,9,74.95,20,539.64,Bank Transfer,52,Platinum
INV11533,1871,283,Books,Germany,2024-01-18,9,41.7,15,319.0,Bank Transfer,33,Silver
INV11534,1549,251,Home,Spain,2024-02-20,0,39.95,15,0.0,PayPal,58,Platinum
INV11535,1133,304,Fashion,UK,2024-07-07,0,65.19,0,0.0,Bank Transfer,25,Gold
INV11536,1711,253,Electronics,UK,2024-08-28,-1,83.78,15,-71.21,PayPal,20,Gold
INV11537,1022,360,Electronics,Germany,2024-08-03,7,23.16,10,145.91,Cash,22,Platinum
INV11538,1814,377,Sports,Spain,2024-09-16,6,54.74,15,279.17,Card,38,Gold
INV11539,1345,365,Books,UK,2024-11-26,2,17.72,20,28.35,Bank Transfer,48,Platinum
INV11540,1301,354,Electronics,Germany,2024-04-24,4,2.56,15,8.7,PayPal,31,Gold
INV11541,1362,214,Sports,France,2024-05-21,9,54.49,5,465.89,Cash,54,Standard
INV11542,1395,260,Sports,Spain,2024-11-28,-1,60.3,5,-57.28,Cash,36,Silver
INV11543,1217,321,Fashion,UK,2024-08-17,1,23.05,10,20.74,Bank Transfer,54,Gold
INV11544,1140,220,Sports,Germany,2024-07-13,0,87.55,20,0.0,Cash,37,Gold
INV11545,1615,245,Fashion,UK,2024-08-07,5,59.29,20,237.16,Cash,69,Gold
INV11546,1957,396,Fashion,UK,2024-01-09,7,49.11,20,275.02,Cash,19,Platinum
INV11547,1209,333,Electronics,France,2024-07-13,8,96.67,10,696.02,PayPal,24,Gold
INV11548,1984,237,Fashion,Germany,2024-08-22,8,7.7,10,55.44,Cash,50,Platinum
INV11549,1992,261,Electronics,Spain,2024-04-01,8,36.31,15,246.91,Cash,67,Gold
INV11550,1622,285,Electronics,Germany,2024-07-15,6,87.74,15,447.47,Cash,59,Standard
INV11551,1615,389,Sports,France,2024-01-18,7,41.96,5,279.03,Cash,23,Standard
INV11552,1827,277,Home,France,2024-10-14,0,74.93,5,0.0,Cash,24,Silver
INV11553,1682,245,Fashion,France,2024-09-03,7,91.46,15,544.19,PayPal,61,Platinum
INV11554,1459,340,Electronics,Spain,2024-04-05,-2,94.76,10,-170.57,Cash,35,Silver
INV11555,1355,202,Sports,Spain,2024-11-29,7,45.92,10,289.3,Cash,60,Gold
INV11556,1323,205,Books,Spain,2024-11-27,7,26.78,0,187.46,Card,46,Gold
INV11557,1132,292,Home,France,2024-03-09,7,31.39,15,186.77,Cash,36,Standard
INV11558,1887,207,Electronics,Germany,2024-09-05,3,66.73,10,180.17,Cash,42,Silver
INV11559,1804,371,Books,Germany,2024-10-21,6,83.9,10,453.06,PayPal,21,Gold
INV11560,1839,307,Sports,UK,2024-05-06,3,59.63,0,178.89,Cash,68,Gold
INV11561,1126,360,Home,France,2024-05-25,8,94.97,10,683.78,PayPal,30,Platinum
INV11562,1105,274,Books,France,2024-06-26,6,11.03,5,62.87,Bank Transfer,49,Gold
INV11563,1603,276,Books,Germany,2024-09-10,6,26.86,5,153.1,Cash,44,Silver
INV11564,1798,249,Books,Germany,2024-05-30,1,20.96,5,19.91,Card,68,Standard
INV11565,1377,210,Sports,UK,2024-09-08,-1,6.95,15,-5.91,PayPal,51,Standard
INV11566,1904,294,Sports,UK,2024-03-19,0,47.11,5,0.0,Bank Transfer,45,Gold
INV11567,1050,355,Sports,Germany,2024-03-05,6,11.16,10,60.26,Card,26,Gold
INV11568,1028,269,Sports,Spain,2024-11-28,4,3.54,5,13.45,PayPal,25,Gold
INV11569,1461,368,Sports,Spain,2024-06-14,9,28.2,15,215.73,Bank Transfer,38,Platinum
INV11570,1295,215,Electronics,France,2024-10-21,8,88.94,20,569.22,Card,63,Gold
INV11571,1296,267,Electronics,France,2024-11-30,6,32.49,20,155.95,Cash,47,Gold
INV11572,1725,298,Books,Spain,2024-02-02,5,77.21,20,308.84,Card,46,Platinum
INV11573,1778,247,Fashion,France,2024-06-12,2,80.62,5,153.18,Card,26,Silver
INV11574,1406,383,Fashion,Spain,2024-05-24,-2,93.84,20,-150.14,Card,30,Platinum
INV11575,1768,263,Books,Germany,2024-08-29,4,10.72,20,34.3,PayPal,35,Standard
INV11576,1813,386,Fashion,Germany,2024-04-22,-1,6.81,20,-5.45,Cash,55,Platinum
INV11577,1612,289,Fashion,France,2024-08-13,2,91.34,10,164.41,Cash,39,Platinum
INV11578,1404,389,Electronics,Germany,2024-06-06,1,3.3,10,2.97,PayPal,48,Silver
INV11579,1345,275,Books,Germany,2024-06-22,8,7.99,10,57.53,Card,52,Silver
INV11580,1621,338,Books,Spain,2024-09-15,5,62.57,15,265.92,Cash,59,Gold
INV11581,1419,300,Books,Germany,2024-12-26,-1,12.31,0,-12.31,Card,59,Platinum
INV11582,1181,288,Home,Spain,2024-04-19,9,5.92,10,47.95,Cash,27,Silver
INV11583,1982,217,Sports,France,2024-01-06,5,3.08,10,13.86,PayPal,26,Standard
INV11584,1824,218,Books,Germany,2024-11-25,4,37.49,10,134.96,Bank Transfer,48,Gold
INV11585,1000,254,Fashion,UK,2024-05-19,-1,66.27,10,-59.64,Card,61,Platinum
INV11586,1830,301,Electronics,Spain,2024-04-18,6,18.9,15,96.39,Cash,57,Standard
INV11587,1949,317,Sports,Germany,2024-01-21,2,13.25,20,21.2,Cash,41,Silver
INV11588,1566,353,Books,France,2024-03-13,9,5.41,10,43.82,Cash,58,Gold
INV11589,1370,333,Fashion,Spain,2024-11-26,-2,90.41,0,-180.82,PayPal,66,Standard
INV11590,1935,203,Books,France,2024-08-05,0,95.0,15,0.0,PayPal,25,Platinum
INV11591,1910,307,Fashion,France,2024-05-30,7,69.44,5,461.78,Bank Transfer,67,Standard
INV11592,1660,314,Electronics,France,2024-04-14,9,23.19,20,166.97,PayPal,37,Gold
INV11593,1430,228,Books,Spain,2024-10-02,9,3.39,0,30.51,Card,34,Platinum
INV11594,1968,258,Home,Spain,2024-07-25,8,38.05,5,289.18,PayPal,45,Platinum
INV11595,1308,324,Fashion,UK,2024-07-14,2,94.42,20,151.07,Cash,23,Standard
INV11596,1136,297,Home,Spain,2024-07-20,-2,9.04,15,-15.37,Card,59,Gold
INV11597,1201,216,Books,Germany,2024-04-21,5,36.3,0,181.5,PayPal,50,Platinum
INV11598,1435,306,Fashion,France,2024-08-21,7,84.65,15,503.67,Card,45,Gold
INV11599,1312,242,Books,UK,2024-08-26,7,56.34,10,354.94,Card,18,Silver
INV11600,1116,279,Books,Germany,2024-09-02,0,21.55,15,0.0,PayPal,58,Standard
INV11601,1665,393,Fashion,France,2024-02-24,7,67.79,10,427.08,Card,69,Gold
INV11602,1936,361,Sports,UK,2024-07-16,6,74.95,15,382.24,Cash,52,Silver
INV11603,1802,207,Fashion,Spain,2024-06-23,1,74.47,20,59.58,Cash,41,Silver
INV11604,1574,340,Books,France,2024-01-01,-1,24.26,20,-19.41,PayPal,23,Gold
INV11605,1243,305,Home,Spain,2024-12-14,3,98.82,20,237.17,PayPal,24,Gold
INV11606,1536,207,Sports,Spain,2024-12-03,9,39.61,20,285.19,Cash,26,Standard
INV11607,1601,295,Home,UK,2024-09-29,-1,28.96,20,-23.17,PayPal,54,Standard
INV11608,1074,293,Electronics,UK,2024-11-01,2,43.89,10,79.0,Cash,33,Platinum
INV11609,1805,264,Fashion,UK,2024-07-18,7,76.96,15,457.91,Card,51,Standard
INV11610,1385,370,Home,UK,2024-08-18,0,3.02,5,0.0,PayPal,52,Gold
INV11611,1902,238,Books,Germany,2024-09-23,8,56.72,10,408.38,Bank Transfer,52,Platinum
INV11612,1209,280,Home,France,2024-05-12,3,47.32,10,127.76,Cash,37,Silver
INV11613,1474,386,Sports,Germany,2024-07-23,6,18.76,10,101.3,Cash,40,Silver
INV11614,1417,283,Home,France,2024-02-15,3,48.49,20,116.38,Card,59,Gold
INV11615,1346,287,Electronics,UK,2024-07-27,3,60.38,10,163.03,Bank Transfer,52,Platinum
INV11616,1528,285,Electronics,UK,2024-09-05,5,2.11,20,8.44,Bank Transfer,64,Platinum
INV11617,1639,292,Electronics,Germany,2024-11-10,5,28.91,10,130.1,Bank Transfer,63,Standard
INV11618,1938,285,Sports,Germany,2024-03-17,4,26.59,15,90.41,Cash,40,Silver
INV11619,1954,243,Fashion,Spain,2024-06-20,2,93.4,20,149.44,Cash,21,Silver
INV11620,1875,336,Books,UK,2024-10-17,4,13.15,10,47.34,Bank Transfer,27,Standard
INV11621,1762,364,Fashion,Germany,2024-10-28,9,82.04,5,701.44,PayPal,60,Silver
INV11622,1178,273,Fashion,France,2024-12-03,1,89.47,20,71.58,Bank Transfer,28,Standard
INV11623,1181,235,Books,UK,2024-03-06,-1,45.15,10,-40.64,Card,57,Silver
INV11624,1663,300,Books,Spain,2024-09-11,5,23.95,5,113.76,Bank Transfer,26,Silver
INV11625,1024,355,Electronics,France,2024-05-11,6,83.76,0,502.56,Bank Transfer,57,Silver
INV11626,1966,369,Home,Spain,2024-05-21,1,55.75,5,52.96,Bank Transfer,29,Standard
INV11627,1179,370,Sports,Germany,2024-05-28,1,30.97,0,30.97,PayPal,34,Silver
INV11628,1709,369,Fashion,Germany,2024-04-13,4,12.6,20,40.32,Bank Transfer,49,Silver
INV11629,1500,303,Sports,Germany,2024-02-22,6,78.4,0,470.4,Bank Transfer,40,Platinum
INV11630,1855,265,Electronics,France,2024-01-31,8,94.81,5,720.56,Cash,32,Silver
INV11631,1160,254,Fashion,Germany,2024-02-28,2,3.87,5,7.35,Bank Transfer,68,Gold
INV11632,1176,399,Electronics,France,2024-04-21,0,77.08,10,0.0,Card,45,Silver
INV11633,1284,375,Sports,France,2024-12-11,1,73.52,0,73.52,Cash,69,Silver
INV11634,1062,290,Home,Germany,2024-09-28,5,17.45,5,82.89,PayPal,55,Platinum
INV11635,1661,221,Sports,Germany,2024-07-30,7,85.38,15,508.01,Cash,22,Platinum
INV11636,1665,300,Sports,France,2024-01-09,0,95.26,10,0.0,PayPal,57,Standard
INV11637,1155,354,Electronics,France,2024-10-31,2,60.47,20,96.75,PayPal,35,Standard
INV11638,1881,320,Home,Spain,2024-08-02,1,28.84,10,25.96,Card,38,Gold
INV11639,1468,292,Fashion,France,2024-05-11,8,92.37,5,702.01,Bank Transfer,32,Platinum
INV11640,1048,394,Electronics,France,2024-04-26,8,38.44,10,276.77,Card,20,Standard
INV11641,1966,307,Fashion,France,2024-10-19,-2,92.33,5,-175.43,Cash,63,Standard
INV11642,1848,340,Electronics,France,2024-02-15,7,15.25,15,90.74,PayPal,43,Standard
INV11643,1083,372,Fashion,Spain,2024-07-12,0,47.76,15,0.0,Cash,32,Platinum
INV11644,1360,209,Fashion,France,2024-03-23,-1,32.71,5,-31.07,PayPal,62,Platinum
INV11645,1688,208,Sports,UK,2024-09-10,7,29.67,20,166.15,Cash,37,Gold
INV11646,1147,381,Fashion,Germany,2024-09-09,-1,3.07,15,-2.61,PayPal,38,Platinum
INV11647,1629,354,Home,Germany,2024-05-27,3,64.14,5,182.8,Card,43,Platinum
INV11648,1341,233,Electronics,France,2024-05-22,5,16.43,5,78.04,PayPal,58,Platinum
INV11649,1475,328,Electronics,Spain,2024-01-10,2,63.69,0,127.38,Bank Transfer,40,Gold
INV11650,1062,359,Electronics,UK,2024-04-18,7,42.84,0,299.88,Card,66,Silver
INV11651,1700,288,Home,Germany,2024-09-24,5,68.94,0,344.7,Bank Transfer,68,Silver
INV11652,1359,292,Fashion,UK,2024-10-28,2,28.12,20,44.99,Cash,42,Standard
INV11653,1560,270,Books,Germany,2024-06-16,8,53.95,5,410.02,Cash,21,Silver
INV11654,1326,266,Sports,UK,2024-08-16,-2,59.76,10,-107.57,PayPal,69,Silver
INV11655,1768,347,Books,France,2024-04-22,9,34.34,0,309.06,PayPal,27,Gold
INV11656,1735,316,Sports,France,2024-02-06,6,64.21,5,366.0,Cash,39,Gold
INV11657,1140,293,Fashion,Germany,2024-03-07,8,13.48,20,86.27,Card,20,Silver
INV11658,1989,362,Books,Germany,2024-03-29,-2,49.45,10,-89.01,Bank Transfer,36,Silver
INV11659,1214,298,Fashion,UK,2024-11-25,5,3.74,20,14.96,Cash,48,Silver
INV11660,1434,312,Sports,Spain,2024-03-08,4,4.45,20,14.24,Card,26,Standard
INV11661,1890,302,Fashion,UK,2024-08-10,1,24.59,15,20.9,Bank Transfer,46,Gold
INV11662,1951,290,Electronics,Spain,2024-05-16,-2,25.29,15,-42.99,PayPal,54,Silver
INV11663,1722,289,Books,Germany,2024-11-28,9,67.86,0,610.74,Card,63,Platinum
INV11664,1317,216,Fashion,Spain,2024-08-07,4,65.21,10,234.76,Card,24,Silver
INV11665,1031,217,Fashion,Spain,2024-09-04,6,44.44,20,213.31,Cash,55,Platinum
INV11666,1669,372,Sports,UK,2024-09-27,-2,73.16,20,-117.06,Bank Transfer,41,Standard
INV11667,1284,315,Home,Spain,2024-12-16,1,40.13,20,32.1,Cash,25,Platinum
INV11668,1304,292,Home,France,2024-08-09,1,41.47,15,35.25,PayPal,51,Gold
INV11669,1428,380,Books,Germany,2024-07-03,1,49.29,20,39.43,PayPal,43,Standard
INV11670,1476,290,Fashion,UK,2024-11-27,-1,80.29,10,-72.26,Bank Transfer,45,Standard
INV11671,1285,281,Electronics,UK,2024-12-28,0,41.06,20,0.0,Bank Transfer,45,Silver
INV11672,1143,267,Fashion,France,2024-02-23,1,68.27,15,58.03,Bank Transfer,63,Standard
INV11673,1423,392,Home,Germany,2024-01-02,-2,49.87,10,-89.77,Cash,24,Standard
INV11674,1018,313,Books,Spain,2024-04-19,-1,85.77,10,-77.19,Bank Transfer,20,Platinum
INV11675,1017,200,Books,Germany,2024-04-22,9,39.06,15,298.81,Bank Transfer,69,Silver
INV11676,1768,257,Fashion,France,2024-07-11,7,69.21,20,387.58,Cash,39,Gold
INV11677,1589,353,Electronics,UK,2024-06-20,-1,76.13,10,-68.52,PayPal,55,Silver
INV11678,1370,308,Fashion,UK,2024-08-11,7,10.2,20,57.12,PayPal,63,Gold
INV11679,1174,347,Sports,France,2024-01-24,0,85.44,15,0.0,Card,61,Platinum
INV11680,1193,315,Sports,Germany,2024-07-04,5,35.23,0,176.15,PayPal,35,Standard
INV11681,1501,286,Electronics,Spain,2024-05-12,9,46.16,5,394.67,Bank Transfer,29,Standard
INV11682,1987,209,Electronics,Germany,2024-04-29,0,13.93,5,0.0,PayPal,48,Silver
INV11683,1112,258,Sports,France,2024-04-21,4,72.97,20,233.5,Cash,56,Silver
INV11684,1113,240,Fashion,Germany,2024-04-26,4,53.41,20,170.91,PayPal,22,Silver
INV11685,1221,304,Electronics,UK,2024-05-26,1,13.98,20,11.18,PayPal,61,Standard
INV11686,1677,332,Home,UK,2024-02-11,7,10.29,15,61.23,Card,58,Standard
INV11687,1946,321,Fashion,Germany,2024-07-17,0,60.2,20,0.0,Card,46,Platinum
INV11688,1830,392,Home,France,2024-10-17,-2,10.53,15,-17.9,Bank Transfer,60,Gold
INV11689,1643,344,Sports,France,2024-01-14,7,65.42,5,435.04,Cash,53,Silver
INV11690,1896,221,Books,Germany,2024-08-29,0,12.68,5,0.0,Bank Transfer,31,Standard
INV11691,1263,297,Sports,Germany,2024-05-31,1,34.84,20,27.87,Cash,61,Gold
INV11692,1924,368,Electronics,UK,2024-04-25,5,48.33,20,193.32,Cash,35,Silver
INV11693,1054,267,Electronics,France,2024-05-22,1,28.05,5,26.65,Card,24,Silver
INV11694,1870,396,Home,Germany,2024-06-10,3,66.31,0,198.93,PayPal,40,Gold
INV11695,1642,338,Electronics,UK,2024-08-30,8,39.0,10,280.8,PayPal,50,Gold
INV11696,1799,255,Home,France,2024-07-08,3,14.59,20,35.02,Card,62,Gold
INV11697,1777,378,Electronics,Germany,2024-01-25,6,37.5,5,213.75,Bank Transfer,33,Standard
INV11698,1457,348,Books,France,2024-10-14,1,79.54,5,75.56,PayPal,54,Platinum
INV11699,1978,298,Fashion,Spain,2024-09-03,-2,35.6,5,-67.64,Bank Transfer,68,Silver
INV11700,1877,275,Books,UK,2024-10-20,5,88.7,0,443.5,PayPal,42,Silver
INV11701,1161,225,Electronics,Spain,2024-04-27,9,49.21,0,442.89,Bank Transfer,26,Gold
INV11702,1379,314,Fashion,Germany,2024-04-12,5,44.63,10,200.84,Cash,45,Standard
INV11703,1992,346,Sports,France,2024-11-08,4,53.59,0,214.36,Cash,26,Gold
INV11704,1086,308,Fashion,UK,2024-02-19,7,39.36,20,220.42,PayPal,29,Standard
INV11705,1054,387,Electronics,Germany,2024-11-11,-2,99.88,20,-159.81,Bank Transfer,35,Platinum
INV11706,1475,398,Home,France,2024-10-27,9,54.77,15,418.99,Bank Transfer,44,Silver
INV11707,1799,246,Sports,Spain,2024-07-27,9,36.82,10,298.24,Cash,43,Silver
INV11708,1177,270,Books,UK,2024-08-06,0,9.55,0,0.0,Bank Transfer,43,Standard
INV11709,1390,353,Fashion,France,2024-09-02,-2,99.24,5,-188.56,Card,27,Platinum
INV11710,1348,239,Fashion,Spain,2024-03-29,4,13.35,10,48.06,Bank Transfer,34,Platinum
INV11711,1007,332,Sports,UK,2024-10-07,-1,88.92,0,-88.92,Cash,68,Silver
INV11712,1832,348,Electronics,Germany,2024-07-08,3,7.76,0,23.28,Card,49,Silver
INV11713,1312,331,Books,Spain,2024-05-31,9,73.93,20,532.3,Card,41,Gold
INV11714,1758,222,Home,Spain,2024-10-09,7,88.74,20,496.94,Bank Transfer,60,Standard
INV11715,1834,305,Fashion,Germany,2024-03-27,2,14.93,0,29.86,Cash,65,Silver
INV11716,1983,283,Fashion,Spain,2024-04-06,-1,39.45,15,-33.53,Cash,25,Platinum
INV11717,1982,342,Electronics,Spain,2024-09-26,-1,21.29,10,-19.16,Cash,47,Platinum
INV11718,1442,315,Books,UK,2024-02-24,-1,42.07,0,-42.07,Card,43,Silver
INV11719,1766,308,Books,Spain,2024-07-22,-1,70.15,20,-56.12,Cash,41,Platinum
INV11720,1327,335,Home,Spain,2024-06-28,7,75.82,15,451.13,Card,44,Standard
INV11721,1053,240,Books,Germany,2024-10-13,-1,97.45,20,-77.96,Card,32,Platinum
INV11722,1760,311,Fashion,Germany,2024-06-29,8,14.45,10,104.04,PayPal,45,Platinum
INV11723,1238,346,Home,Spain,2024-11-28,2,48.57,20,77.71,Bank Transfer,28,Silver
INV11724,1228,311,Books,France,2024-07-29,-1,88.14,0,-88.14,Cash,56,Standard
INV11725,1578,302,Sports,UK,2024-06-16,-2,32.13,10,-57.83,Card,19,Standard
INV11726,1050,245,Electronics,Spain,2024-12-29,-2,17.9,5,-34.01,Bank Transfer,68,Gold
INV11727,1608,355,Electronics,UK,2024-12-01,1,75.94,0,75.94,Card,26,Standard
INV11728,1603,267,Electronics,Spain,2024-12-30,-1,34.6,5,-32.87,Bank Transfer,67,Gold
INV11729,1263,321,Home,Germany,2024-11-23,4,12.96,20,41.47,Card,62,Silver
INV11730,1417,214,Electronics,France,2024-06-03,4,45.86,10,165.1,Cash,40,Platinum
INV11731,1802,364,Fashion,France,2024-02-03,9,4.17,20,30.02,PayPal,50,Standard
INV11732,1095,328,Books,Spain,2024-06-24,0,98.71,5,0.0,PayPal,36,Gold
INV11733,1087,394,Books,UK,2024-08-28,2,86.08,15,146.34,PayPal,30,Standard
INV11734,1077,310,Electronics,UK,2024-05-31,1,71.03,15,60.38,Card,31,Silver
INV11735,1287,223,Sports,UK,2024-12-30,9,87.27,15,667.62,Bank Transfer,49,Gold
INV11736,1119,226,Home,Germany,2024-12-18,-2,2.55,10,-4.59,Cash,66,Gold
INV11737,1813,239,Fashion,France,2024-07-14,9,76.39,10,618.76,Cash,39,Gold
INV11738,1490,390,Sports,France,2024-03-03,-2,19.36,20,-30.98,Card,37,Silver
INV11739,1911,388,Home,Spain,2024-03-10,0,17.72,15,0.0,PayPal,50,Gold
INV11740,1451,363,Sports,Spain,2024-07-01,8,31.42,15,213.66,Card,22,Platinum
INV11741,1499,223,Books,Germany,2024-04-09,-1,23.76,0,-23.76,Bank Transfer,37,Silver
INV11742,1164,223,Books,UK,2024-06-13,1,66.36,15,56.41,PayPal,31,Platinum
INV11743,1181,203,Fashion,France,2024-04-15,7,25.74,5,171.17,Card,44,Platinum
INV11744,1468,266,Books,UK,2024-02-15,-1,92.11,5,-87.5,Bank Transfer,43,Silver
INV11745,1909,233,Electronics,France,2024-11-30,-1,27.59,5,-26.21,PayPal,49,Standard
INV11746,1734,384,Sports,Germany,2024-12-20,6,98.24,10,530.5,Cash,47,Platinum
INV11747,1822,376,Fashion,Spain,2024-03-22,3,32.8,20,78.72,Bank Transfer,44,Silver
INV11748,1943,380,Home,France,2024-11-13,5,54.13,15,230.05,Cash,43,Platinum
INV11749,1977,315,Electronics,France,2024-02-01,5,63.39,0,316.95,Bank Transfer,35,Gold
INV11750,1006,222,Sports,Spain,2024-10-05,-2,79.35,10,-142.83,PayPal,62,Platinum
INV11751,1329,308,Sports,Spain,2024-03-07,-1,70.75,5,-67.21,Card,40,Platinum
INV11752,1774,268,Electronics,Germany,2024-08-23,-2,34.53,15,-58.7,Card,61,Platinum
INV11753,1672,294,Fashion,UK,2024-07-04,8,80.71,0,645.68,Card,64,Gold
INV11754,1150,380,Sports,Germany,2024-02-15,6,23.24,20,111.55,Card,41,Platinum
INV11755,1084,261,Electronics,Spain,2024-11-16,8,85.27,0,682.16,Bank Transfer,21,Silver
INV11756,1146,368,Books,Spain,2024-07-10,3,65.16,10,175.93,Card,58,Platinum
INV11757,1623,256,Books,Spain,2024-05-20,6,50.92,0,305.52,Card,20,Silver
INV11758,1380,387,Sports,Germany,2024-01-26,0,49.1,10,0.0,Bank Transfer,60,Platinum
INV11759,1914,253,Books,UK,2024-05-04,8,8.37,5,63.61,Bank Transfer,47,Platinum
INV11760,1547,269,Home,Germany,2024-03-16,9,41.4,10,335.34,PayPal,64,Platinum
INV11761,1284,300,Sports,UK,2024-05-28,1,48.83,20,39.06,Bank Transfer,33,Standard
INV11762,1699,256,Fashion,Spain,2024-07-05,8,21.91,5,166.52,Cash,24,Standard
INV11763,1081,337,Fashion,France,2024-12-23,8,6.7,15,45.56,PayPal,56,Gold
INV11764,1513,367,Books,France,2024-02-18,4,33.17,15,112.78,PayPal,39,Silver
INV11765,1896,334,Home,UK,2024-07-27,5,85.95,5,408.26,Card,58,Gold
INV11766,1814,302,Home,Spain,2024-11-20,5,69.24,20,276.96,Card,48,Silver
INV11767,1708,365,Fashion,France,2024-10-08,1,52.75,20,42.2,Cash,66,Gold
INV11768,1915,284,Electronics,UK,2024-05-05,3,29.22,10,78.89,Card,30,Gold
INV11769,1522,260,Home,UK,2024-01-14,1,38.27,0,38.27,Bank Transfer,58,Platinum
INV11770,1745,202,Books,Germany,2024-05-23,9,15.34,5,131.16,Bank Transfer,58,Platinum
INV11771,1385,327,Sports,France,2024-05-17,0,84.75,10,0.0,Card,69,Platinum
INV11772,1706,378,Sports,Germany,2024-11-20,1,71.09,5,67.54,Card,46,Platinum
INV11773,1470,285,Sports,Germany,2024-07-10,2,15.45,0,30.9,Bank Transfer,45,Platinum
INV11774,1118,246,Electronics,UK,2024-11-25,2,46.4,15,78.88,PayPal,61,Gold
INV11775,1395,395,Electronics,Spain,2024-06-27,-2,11.31,5,-21.49,Cash,36,Silver
INV11776,1531,275,Electronics,UK,2024-03-24,8,44.25,5,336.3,Cash,40,Standard
INV11777,1260,237,Sports,Germany,2024-09-20,2,28.95,20,46.32,PayPal,64,Standard
INV11778,1804,363,Home,UK,2024-01-07,3,40.39,15,102.99,Cash,67,Silver
INV11779,1933,368,Home,UK,2024-01-15,9,94.79,20,682.49,Card,25,Standard
INV11780,1255,396,Electronics,Spain,2024-04-27,-1,5.7,5,-5.42,Card,42,Gold
INV11781,1733,340,Electronics,Germany,2024-12-11,1,9.84,20,7.87,Card,55,Silver
INV11782,1904,286,Fashion,France,2024-08-31,0,12.44,0,0.0,Cash,55,Silver
INV11783,1225,257,Home,UK,2024-03-02,2,79.57,20,127.31,PayPal,52,Standard
INV11784,1052,249,Electronics,Germany,2024-09-12,7,85.07,0,595.49,Card,43,Standard
INV11785,1939,229,Fashion,France,2024-10-20,4,84.0,5,319.2,PayPal,20,Gold
INV11786,1866,389,Books,Spain,2024-07-21,5,71.13,20,284.52,Bank Transfer,19,Platinum
INV11787,1499,300,Fashion,Spain,2024-12-16,3,7.92,15,20.2,Bank Transfer,22,Silver
INV11788,1505,224,Electronics,France,2024-01-15,8,70.2,5,533.52,Bank Transfer,37,Platinum
INV11789,1853,311,Sports,Spain,2024-03-07,2,87.93,10,158.27,Cash,29,Standard
INV11790,1363,354,Books,Germany,2024-12-17,4,22.27,5,84.63,Cash,55,Silver
INV11791,1279,378,Home,Spain,2024-12-02,8,46.42,10,334.22,Card,33,Platinum
INV11792,1592,384,Fashion,Germany,2024-12-24,0,81.23,20,0.0,Bank Transfer,54,Gold
INV11793,1713,325,Sports,UK,2024-10-08,7,73.21,10,461.22,PayPal,55,Gold
INV11794,1157,322,Books,Germany,2024-03-13,8,57.32,5,435.63,Cash,53,Gold
INV11795,1631,246,Home,Spain,2024-01-03,0,93.2,5,0.0,PayPal,63,Silver
INV11796,1058,317,Fashion,UK,2024-12-07,-1,57.03,0,-57.03,PayPal,46,Silver
INV11797,1726,238,Home,Germany,2024-09-24,0,26.1,0,0.0,Card,52,Silver
INV11798,1127,215,Electronics,UK,2024-02-09,1,20.56,5,19.53,Card,66,Silver
INV11799,1735,221,Fashion,Spain,2024-09-14,3,58.93,0,176.79,PayPal,54,Silver
INV11800,1720,253,Electronics,UK,2024-04-26,0,30.31,10,0.0,PayPal,38,Platinum
INV11801,1881,348,Electronics,France,2024-09-18,7,26.75,20,149.8,PayPal,38,Platinum
INV11802,1114,399,Fashion,UK,2024-07-15,0,15.43,10,0.0,PayPal,45,Gold
INV11803,1208,215,Sports,France,2024-08-10,6,35.31,0,211.86,Bank Transfer,23,Platinum
INV11804,1525,258,Electronics,France,2024-05-15,2,13.63,5,25.9,PayPal,37,Platinum
INV11805,1520,230,Fashion,Spain,2024-03-02,-1,31.57,15,-26.83,Cash,53,Gold
INV11806,1551,369,Electronics,Spain,2024-07-30,-2,44.89,5,-85.29,Card,30,Gold
INV11807,1961,231,Fashion,UK,2024-11-25,3,72.83,0,218.49,Cash,57,Standard
INV11808,1236,386,Home,Spain,2024-03-15,5,75.79,5,360.0,Card,28,Gold
INV11809,1280,361,Home,Germany,2024-12-09,3,82.7,0,248.1,Card,41,Platinum
INV11810,1358,208,Books,Germany,2024-06-29,-1,92.47,10,-83.22,Card,36,Silver
INV11811,1200,338,Sports,UK,2024-01-10,5,47.42,5,225.24,Cash,40,Gold
INV11812,1757,209,Home,Germany,2024-11-13,-1,13.13,10,-11.82,Card,48,Standard
INV11813,1277,216,Fashion,Germany,2024-05-12,9,61.58,0,554.22,PayPal,54,Platinum
INV11814,1234,267,Fashion,UK,2024-05-10,7,96.16,5,639.46,PayPal,54,Standard
INV11815,1493,247,Electronics,UK,2024-06-08,2,17.31,0,34.62,Bank Transfer,20,Standard
INV11816,1003,379,Home,Spain,2024-10-10,3,44.1,20,105.84,Bank Transfer,51,Platinum
INV11817,1665,310,Fashion,France,2024-10-15,-1,9.61,5,-9.13,Bank Transfer,46,Standard
INV11818,1441,352,Books,Spain,2024-01-13,4,55.63,15,189.14,PayPal,20,Platinum
INV11819,1028,322,Fashion,France,2024-12-24,3,75.81,0,227.43,Cash,32,Standard
INV11820,1108,348,Fashion,Germany,2024-03-17,5,36.06,0,180.3,Bank Transfer,24,Silver
INV11821,1609,300,Sports,UK,2024-08-01,9,5.72,0,51.48,PayPal,20,Gold
INV11822,1726,301,Electronics,Germany,2024-10-01,0,61.18,20,0.0,Card,64,Silver
INV11823,1804,264,Sports,UK,2024-05-30,-2,70.88,0,-141.76,Cash,60,Silver
INV11824,1074,390,Electronics,France,2024-08-28,2,60.14,5,114.27,Cash,33,Standard
INV11825,1837,250,Books,Spain,2024-02-14,9,85.5,20,615.6,PayPal,62,Gold
INV11826,1145,235,Books,UK,2024-01-05,7,97.01,0,679.07,PayPal,51,Gold
INV11827,1127,280,Books,UK,2024-03-03,9,97.59,0,878.31,Card,37,Gold
INV11828,1852,326,Home,Germany,2024-08-30,0,24.79,5,0.0,Card,61,Standard
INV11829,1041,287,Fashion,France,2024-06-23,5,64.23,20,256.92,Card,56,Silver
INV11830,1355,393,Electronics,France,2024-12-03,7,11.95,0,83.65,Cash,50,Platinum
INV11831,1040,303,Electronics,Germany,2024-11-11,-2,49.55,10,-89.19,Cash,31,Platinum
INV11832,1933,214,Electronics,Spain,2024-04-24,-2,27.19,0,-54.38,Bank Transfer,59,Platinum
INV11833,1033,295,Books,Germany,2024-11-11,1,33.61,0,33.61,Bank Transfer,52,Gold
INV11834,1016,366,Electronics,France,2024-10-18,1,77.64,20,62.11,Bank Transfer,28,Platinum
INV11835,1676,322,Electronics,Spain,2024-05-06,7,93.73,0,656.11,Cash,37,Silver
INV11836,1152,397,Home,Spain,2024-11-08,5,5.25,0,26.25,Card,47,Platinum
INV11837,1997,200,Books,France,2024-08-11,0,78.3,20,0.0,Bank Transfer,45,Gold
INV11838,1377,350,Sports,UK,2024-07-27,-2,60.39,15,-102.66,Card,32,Gold
INV11839,1587,321,Sports,Spain,2024-04-02,2,25.72,10,46.3,Card,55,Platinum
INV11840,1598,366,Fashion,Germany,2024-11-17,9,8.71,5,74.47,Card,67,Gold
INV11841,1628,325,Fashion,UK,2024-04-04,-2,13.69,5,-26.01,Bank Transfer,30,Platinum
INV11842,1873,256,Electronics,Germany,2024-08-02,1,6.01,0,6.01,Bank Transfer,64,Gold
INV11843,1341,280,Sports,Spain,2024-06-15,0,23.17,10,0.0,Card,52,Standard
INV11844,1980,361,Electronics,France,2024-09-02,9,76.98,5,658.18,Bank Transfer,64,Standard
INV11845,1026,368,Fashion,UK,2024-04-26,0,89.01,5,0.0,PayPal,41,Silver
INV11846,1824,272,Electronics,Germany,2024-09-30,7,22.56,5,150.02,Bank Transfer,18,Standard
INV11847,1286,340,Home,Spain,2024-01-15,0,11.38,20,0.0,Card,59,Platinum
INV11848,1645,269,Fashion,Germany,2024-03-24,8,47.92,15,325.86,Card,41,Gold
INV11849,1730,205,Books,France,2024-05-15,6,43.44,20,208.51,Cash,44,Silver
INV11850,1167,283,Books,Germany,2024-01-23,3,68.61,20,164.66,Cash,35,Platinum
INV11851,1609,251,Electronics,Spain,2024-01-02,7,2.81,5,18.69,Card,43,Platinum
INV11852,1267,202,Home,Spain,2024-12-08,3,59.56,15,151.88,PayPal,46,Silver
INV11853,1748,280,Electronics,Spain,2024-06-23,-1,66.15,20,-52.92,Cash,25,Silver
INV11854,1820,262,Home,Spain,2024-01-01,-1,10.96,0,-10.96,Card,61,Platinum
INV11855,1454,248,Books,UK,2024-01-24,5,51.05,10,229.72,Cash,43,Gold
INV11856,1905,275,Electronics,Germany,2024-02-28,2,84.89,0,169.78,Cash,22,Platinum
INV11857,1684,311,Sports,UK,2024-06-17,-1,81.58,10,-73.42,Card,50,Gold
INV11858,1400,374,Electronics,Germany,2024-06-30,9,21.02,10,170.26,Bank Transfer,57,Silver
INV11859,1921,308,Fashion,Germany,2024-10-14,6,34.06,15,173.71,PayPal,22,Platinum
INV11860,1980,382,Home,UK,2024-05-06,7,16.24,5,108.0,Bank Transfer,66,Standard
INV11861,1475,391,Electronics,UK,2024-08-20,6,61.65,5,351.4,Card,64,Platinum
INV11862,1701,264,Books,Germany,2024-12-06,5,95.54,20,382.16,Card,53,Gold
INV11863,1633,280,Fashion,France,2024-07-16,1,29.91,0,29.91,PayPal,30,Platinum
INV11864,1557,394,Fashion,UK,2024-09-18,-2,63.24,5,-120.16,Card,34,Gold
INV11865,1575,214,Sports,UK,2024-11-16,-1,46.7,0,-46.7,Cash,30,Standard
INV11866,1129,299,Fashion,Germany,2024-10-31,9,88.12,0,793.08,PayPal,42,Silver
INV11867,1821,231,Books,Spain,2024-08-26,6,74.32,0,445.92,Bank Transfer,19,Standard
INV11868,1362,295,Books,UK,2024-02-04,5,17.31,5,82.22,PayPal,41,Gold
INV11869,1704,327,Fashion,Spain,2024-09-08,4,42.3,5,160.74,Bank Transfer,53,Silver
INV11870,1818,395,Home,Germany,2024-02-08,0,6.27,20,0.0,Card,42,Silver
INV11871,1692,345,Sports,Spain,2024-05-05,2,14.03,10,25.25,Bank Transfer,51,Platinum
INV11872,1291,312,Home,France,2024-08-27,9,15.99,10,129.52,Bank Transfer,29,Standard
INV11873,1370,282,Books,UK,2024-12-14,-2,78.54,20,-125.66,Bank Transfer,36,Gold
INV11874,1793,242,Home,France,2024-01-10,2,16.74,20,26.78,PayPal,67,Gold
INV11875,1028,315,Home,Spain,2024-03-28,2,56.53,5,107.41,Cash,59,Silver
INV11876,1148,362,Books,France,2024-08-04,4,6.81,15,23.15,Bank Transfer,47,Platinum
INV11877,1778,277,Fashion,France,2024-08-16,1,95.58,15,81.24,PayPal,54,Gold
INV11878,1295,257,Books,UK,2024-01-16,-1,14.68,15,-12.48,PayPal,60,Platinum
INV11879,1010,232,Sports,UK,2024-04-28,6,2.6,0,15.6,Cash,18,Silver
INV11880,1511,213,Sports,Germany,2024-04-17,5,32.22,5,153.04,PayPal,20,Silver
INV11881,1675,361,Sports,France,2024-04-06,-1,31.45,15,-26.73,Card,66,Silver
INV11882,1112,388,Home,UK,2024-05-02,-1,87.37,20,-69.9,Card,43,Platinum
INV11883,1186,331,Fashion,France,2024-01-01,5,65.06,10,292.77,Card,32,Gold
INV11884,1806,258,Sports,Germany,2024-06-01,0,34.02,15,0.0,Cash,63,Standard
INV11885,1743,356,Electronics,Germany,2024-09-02,8,21.79,5,165.6,PayPal,64,Platinum
INV11886,1226,282,Fashion,Germany,2024-01-22,1,41.29,10,37.16,Card,65,Silver
INV11887,1309,333,Sports,Spain,2024-11-18,-1,23.54,15,-20.01,Bank Transfer,45,Standard
INV11888,1097,320,Home,France,2024-09-09,5,57.89,5,274.98,PayPal,21,Standard
INV11889,1054,376,Fashion,France,2024-09-02,2,33.7,15,57.29,Card,36,Standard
INV11890,1622,367,Electronics,Spain,2024-06-01,5,9.27,5,44.03,PayPal,41,Standard
INV11891,1663,282,Home,Germany,2024-07-22,2,82.49,15,140.23,Card,57,Standard
INV11892,1757,392,Books,France,2024-10-27,2,66.18,10,119.12,Bank Transfer,23,Silver
INV11893,1405,396,Books,UK,2024-06-29,0,41.52,10,0.0,PayPal,33,Gold
INV11894,1068,226,Fashion,UK,2024-07-01,4,98.91,20,316.51,Card,49,Standard
INV11895,1311,279,Home,Germany,2024-05-12,4,61.2,20,195.84,Card,47,Gold
INV11896,1288,333,Sports,Germany,2024-04-28,1,3.58,5,3.4,Bank Transfer,52,Gold
INV11897,1761,212,Sports,UK,2024-02-10,2,62.38,0,124.76,Bank Transfer,25,Platinum
INV11898,1547,263,Sports,UK,2024-06-21,7,57.39,20,321.38,Card,22,Silver
INV11899,1750,389,Sports,Spain,2024-06-21,2,54.63,20,87.41,Card,54,Standard
INV11900,1147,346,Fashion,UK,2024-09-25,4,67.22,15,228.55,Cash,29,Gold
INV11901,1466,279,Sports,UK,2024-04-24,2,68.63,15,116.67,Cash,42,Platinum
INV11902,1738,322,Home,UK,2024-01-11,1,62.09,5,58.99,PayPal,50,Gold
INV11903,1243,242,Books,Germany,2024-11-16,8,59.43,5,451.67,PayPal,56,Standard
INV11904,1490,288,Fashion,France,2024-05-22,0,78.86,15,0.0,Cash,41,Silver
INV11905,1848,347,Home,UK,2024-01-08,3,14.76,0,44.28,Card,28,Silver
INV11906,1957,294,Electronics,Germany,2024-10-27,5,13.93,20,55.72,Bank Transfer,59,Standard
INV11907,1506,395,Books,Germany,2024-08-27,8,58.04,5,441.1,PayPal,52,Gold
INV11908,1364,371,Home,Germany,2024-04-05,6,39.37,15,200.79,Card,57,Platinum
INV11909,1481,350,Books,Germany,2024-03-12,2,22.44,10,40.39,Bank Transfer,18,Silver
INV11910,1200,201,Fashion,France,2024-03-22,0,64.59,20,0.0,Bank Transfer,25,Silver
INV11911,1153,319,Electronics,Spain,2024-04-24,6,28.97,15,147.75,Card,40,Gold
INV11912,1449,221,Sports,France,2024-01-09,0,48.13,15,0.0,Card,37,Gold
INV11913,1500,314,Electronics,Spain,2024-05-21,5,53.97,0,269.85,PayPal,49,Gold
INV11914,1072,256,Home,Spain,2024-04-03,3,89.26,10,241.0,Cash,28,Platinum
INV11915,1712,271,Fashion,UK,2024-09-02,5,74.34,15,315.95,Card,24,Gold
INV11916,1295,206,Sports,Spain,2024-09-21,-2,15.27,0,-30.54,Cash,47,Platinum
INV11917,1016,383,Fashion,Spain,2024-09-02,1,72.85,15,61.92,PayPal,65,Standard
INV11918,1640,318,Electronics,UK,2024-08-17,6,48.94,20,234.91,Cash,56,Platinum
INV11919,1216,394,Books,Spain,2024-08-15,0,50.03,10,0.0,Cash,30,Gold
INV11920,1060,313,Electronics,UK,2024-08-03,8,72.44,5,550.54,Bank Transfer,59,Platinum
INV11921,1938,215,Fashion,France,2024-09-14,4,72.04,0,288.16,PayPal,66,Platinum
INV11922,1615,282,Electronics,UK,2024-10-03,1,76.87,20,61.5,Card,20,Platinum
INV11923,1041,378,Fashion,Spain,2024-11-08,5,10.36,20,41.44,Cash,24,Silver
INV11924,1024,271,Sports,Germany,2024-05-25,4,29.94,0,119.76,PayPal,60,Gold
INV11925,1038,323,Books,Germany,2024-09-22,0,84.8,0,0.0,Bank Transfer,30,Platinum
INV11926,1802,312,Books,Spain,2024-05-29,1,41.33,10,37.2,Bank Transfer,54,Gold
INV11927,1130,211,Electronics,UK,2024-12-27,1,12.53,10,11.28,Cash,42,Standard
INV11928,1497,325,Fashion,Spain,2024-09-11,5,12.1,20,48.4,Cash,40,Platinum
INV11929,1228,252,Fashion,Spain,2024-02-04,3,39.24,15,100.06,Card,68,Platinum
INV11930,1107,274,Books,France,2024-11-12,3,16.76,20,40.22,PayPal,64,Standard
INV11931,1171,332,Electronics,Spain,2024-10-04,0,75.28,20,0.0,Card,50,Gold
INV11932,1434,226,Sports,Germany,2024-08-07,8,18.95,15,128.86,Card,22,Standard
INV11933,1477,339,Electronics,France,2024-08-15,7,52.46,0,367.22,Bank Transfer,49,Standard
INV11934,1101,344,Sports,Spain,2024-02-27,6,26.56,20,127.49,PayPal,47,Standard
INV11935,1865,333,Home,France,2024-05-15,9,15.42,0,138.78,Card,48,Standard
INV11936,1523,296,Home,France,2024-02-12,-2,72.72,5,-138.17,Bank Transfer,30,Gold
INV11937,1274,204,Home,Spain,2024-10-28,-1,48.68,10,-43.81,Cash,59,Platinum
INV11938,1612,256,Books,France,2024-09-02,3,33.02,5,94.11,Card,22,Standard
INV11939,1043,355,Electronics,Spain,2024-12-11,-2,78.29,20,-125.26,Cash,40,Standard
INV11940,1954,277,Books,Spain,2024-08-27,9,56.91,0,512.19,PayPal,18,Silver
INV11941,1816,268,Books,Germany,2024-03-30,6,70.43,10,380.32,Card,27,Gold
INV11942,1956,317,Fashion,Spain,2024-07-21,-1,23.69,5,-22.51,Cash,67,Standard
INV11943,1016,319,Electronics,Germany,2024-11-17,5,34.07,5,161.83,Cash,44,Silver
INV11944,1329,258,Home,UK,2024-08-22,9,57.87,20,416.66,PayPal,25,Standard
INV11945,1568,232,Electronics,France,2024-05-24,8,67.31,20,430.78,Bank Transfer,69,Gold
INV11946,1822,261,Electronics,Germany,2024-04-04,7,52.6,15,312.97,Bank Transfer,20,Silver
INV11947,1496,249,Home,Germany,2024-11-20,6,15.43,15,78.69,Card,36,Silver
INV11948,1814,311,Sports,France,2024-05-01,2,79.74,20,127.58,Cash,68,Gold
INV11949,1011,218,Books,Spain,2024-06-13,5,52.38,0,261.9,Bank Transfer,19,Silver
INV11950,1317,396,Sports,Spain,2024-12-04,2,62.1,15,105.57,Card,66,Silver
INV11951,1591,322,Fashion,Germany,2024-03-11,9,27.36,0,246.24,Cash,48,Standard
INV11952,1215,393,Home,UK,2024-09-02,-2,61.91,20,-99.06,Card,65,Silver
INV11953,1338,246,Fashion,France,2024-10-29,7,92.59,20,518.5,PayPal,27,Platinum
INV11954,1775,366,Books,UK,2024-09-13,2,15.35,15,26.1,Card,33,Gold
INV11955,1990,395,Home,France,2024-05-03,-2,5.55,10,-9.99,PayPal,54,Standard
INV11956,1660,232,Books,France,2024-09-19,-1,30.69,0,-30.69,Cash,37,Silver
INV11957,1080,340,Books,Germany,2024-01-27,-2,21.06,0,-42.12,Cash,20,Platinum
INV11958,1726,283,Electronics,UK,2024-01-17,4,38.73,5,147.17,Cash,52,Standard
INV11959,1484,381,Books,France,2024-05-02,2,76.98,10,138.56,Card,51,Gold
INV11960,1373,334,Books,France,2024-12-08,3,48.35,20,116.04,Cash,38,Silver
INV11961,1975,278,Home,Spain,2024-09-17,1,7.44,20,5.95,Cash,53,Gold
INV11962,1709,213,Fashion,France,2024-08-11,1,43.84,10,39.46,PayPal,49,Gold
INV11963,1199,346,Sports,UK,2024-06-20,4,22.92,15,77.93,Cash,35,Silver
INV11964,1536,327,Sports,Germany,2024-05-30,7,16.59,15,98.71,Cash,51,Silver
INV11965,1465,253,Sports,Spain,2024-03-07,9,19.01,20,136.87,Cash,55,Standard
INV11966,1088,347,Home,Germany,2024-02-29,9,92.05,5,787.03,Bank Transfer,20,Gold
INV11967,1267,228,Electronics,Spain,2024-06-27,7,25.5,10,160.65,Cash,20,Silver
INV11968,1654,223,Books,Germany,2024-09-30,5,29.29,0,146.45,Card,44,Gold
INV11969,1570,281,Home,Germany,2024-01-07,9,52.63,0,473.67,PayPal,19,Silver
INV11970,1921,262,Home,France,2024-12-12,9,14.41,10,116.72,Cash,20,Gold
INV11971,1488,304,Books,UK,2024-01-26,-2,23.31,20,-37.3,Card,34,Standard
INV11972,1876,256,Books,UK,2024-10-25,0,15.69,15,0.0,PayPal,63,Gold
INV11973,1537,335,Home,UK,2024-04-06,2,59.32,10,106.78,PayPal,56,Silver
INV11974,1046,261,Home,Germany,2024-07-30,-2,9.38,15,-15.95,Card,55,Platinum
INV11975,1287,356,Fashion,Spain,2024-01-04,9,63.21,5,540.45,Card,57,Standard
INV11976,1777,216,Sports,UK,2024-09-29,5,80.77,0,403.85,Bank Transfer,36,Standard
INV11977,1015,265,Fashion,Spain,2024-11-13,7,28.3,0,198.1,Bank Transfer,36,Platinum
INV11978,1710,205,Fashion,France,2024-11-06,0,11.79,0,0.0,Cash,61,Silver
INV11979,1400,257,Home,France,2024-08-31,9,97.89,15,748.86,Bank Transfer,22,Standard
INV11980,1918,268,Sports,France,2024-01-21,-1,87.44,10,-78.7,Card,22,Platinum
INV11981,1793,355,Electronics,Spain,2024-10-21,2,21.27,5,40.41,Bank Transfer,31,Platinum
INV11982,1980,261,Electronics,France,2024-11-15,2,90.14,5,171.27,PayPal,44,Gold
INV11983,1085,368,Sports,UK,2024-05-17,5,89.23,0,446.15,Card,66,Gold
INV11984,1249,396,Home,Germany,2024-02-29,7,76.94,5,511.65,Cash,65,Silver
INV11985,1390,281,Books,France,2024-05-12,0,54.15,20,0.0,PayPal,53,Platinum
INV11986,1781,368,Sports,France,2024-05-26,2,94.07,15,159.92,PayPal,57,Gold
INV11987,1334,376,Sports,Spain,2024-05-24,5,52.91,10,238.09,PayPal,52,Silver
INV11988,1628,376,Fashion,Germany,2024-11-15,6,88.38,15,450.74,Card,38,Standard
INV11989,1518,270,Books,France,2024-08-07,9,72.34,10,585.95,Card,22,Gold
INV11990,1136,330,Electronics,France,2024-02-13,6,68.0,0,408.0,Cash,41,Silver
INV11991,1882,209,Fashion,Spain,2024-03-17,9,32.38,20,233.14,Bank Transfer,56,Gold
INV11992,1687,297,Books,Spain,2024-12-29,5,10.37,15,44.07,Bank Transfer,67,Standard
INV11993,1839,288,Electronics,France,2024-11-03,-2,43.23,5,-82.14,Bank Transfer,41,Standard
INV11994,1497,234,Books,France,2024-10-28,3,99.82,20,239.57,Bank Transfer,57,Gold
INV11995,1826,201,Books,Germany,2024-04-20,-1,25.24,10,-22.72,PayPal,60,Standard
INV11996,1726,323,Sports,UK,2024-06-21,-2,51.32,20,-82.11,Card,63,Silver
INV11997,1476,223,Electronics,Spain,2024-05-10,3,17.76,20,42.62,Bank Transfer,67,Gold
INV11998,1593,273,Home,Spain,2024-08-02,-2,73.33,5,-139.33,PayPal,30,Gold
INV11999,1222,365,Sports,France,2024-11-08,3,45.48,0,136.44,Card,55,Standard
INV12000,1989,221,Home,France,2024-01-14,1,4.42,5,4.2,Card,62,Silver
INV12001,1371,353,Fashion,Germany,2024-05-31,0,92.21,0,0.0,Card,18,Gold
INV12002,1934,370,Fashion,Spain,2024-05-16,7,87.03,20,487.37,PayPal,60,Gold
INV12003,1994,382,Sports,Spain,2024-07-20,4,62.36,10,224.5,Bank Transfer,56,Standard
INV12004,1401,238,Home,Germany,2024-08-21,5,2.99,5,14.2,Card,27,Standard
INV12005,1442,356,Home,Spain,2024-10-12,5,74.05,20,296.2,PayPal,19,Silver
INV12006,1489,219,Home,Germany,2024-10-30,9,95.98,0,863.82,Card,33,Silver
INV12007,1614,240,Fashion,France,2024-04-16,3,42.6,20,102.24,Cash,54,Standard
INV12008,1272,381,Home,France,2024-02-13,4,68.18,5,259.08,Cash,33,Silver
INV12009,1525,347,Electronics,Germany,2024-03-14,-1,21.68,5,-20.6,PayPal,40,Platinum
INV12010,1158,307,Electronics,Germany,2024-12-20,2,37.29,0,74.58,Bank Transfer,43,Platinum
INV12011,1151,346,Sports,Germany,2024-11-26,2,45.53,0,91.06,Bank Transfer,33,Standard
INV12012,1994,283,Sports,Germany,2024-05-08,1,97.63,20,78.1,Card,44,Gold
INV12013,1619,310,Books,France,2024-03-01,6,56.93,5,324.5,Bank Transfer,64,Standard
INV12014,1187,265,Home,Spain,2024-12-29,5,99.89,5,474.48,Bank Transfer,58,Standard
INV12015,1812,357,Books,UK,2024-10-30,9,5.18,15,39.63,Cash,47,Standard
INV12016,1097,252,Electronics,France,2024-05-25,7,30.25,15,179.99,PayPal,50,Gold
INV12017,1130,233,Books,UK,2024-08-28,3,56.93,15,145.17,Cash,49,Platinum
INV12018,1804,349,Sports,UK,2024-10-13,5,94.55,5,449.11,PayPal,26,Silver
INV12019,1170,266,Sports,Germany,2024-07-22,-1,28.5,10,-25.65,Card,28,Platinum
INV12020,1935,333,Books,Germany,2024-05-10,7,18.63,15,110.85,Cash,54,Silver
INV12021,1985,226,Sports,France,2024-11-29,-1,96.95,0,-96.95,PayPal,23,Silver
INV12022,1182,209,Home,UK,2024-07-07,1,18.64,15,15.84,Bank Transfer,47,Standard
INV12023,1982,272,Books,Germany,2024-12-30,5,76.01,20,304.04,PayPal,57,Standard
INV12024,1363,295,Books,Germany,2024-02-18,1,44.01,15,37.41,Bank Transfer,32,Silver
INV12025,1038,247,Home,Germany,2024-10-27,7,83.89,10,528.51,Card,65,Gold
INV12026,1526,269,Fashion,Germany,2024-08-25,-2,23.86,20,-38.18,Bank Transfer,47,Gold
INV12027,1887,386,Books,Spain,2024-07-19,5,48.97,5,232.61,PayPal,35,Gold
INV12028,1496,299,Fashion,Germany,2024-03-06,1,66.17,10,59.55,Cash,29,Gold
INV12029,1515,258,Fashion,Germany,2024-05-25,6,51.15,15,260.86,PayPal,21,Standard
INV12030,1348,201,Fashion,Spain,2024-06-10,5,70.93,20,283.72,Cash,33,Platinum
INV12031,1981,356,Sports,France,2024-04-16,-1,27.8,0,-27.8,PayPal,40,Platinum
INV12032,1920,395,Home,Germany,2024-09-06,5,95.4,0,477.0,PayPal,28,Silver
INV12033,1396,264,Home,Spain,2024-06-20,6,38.47,0,230.82,Card,41,Gold
INV12034,1721,282,Fashion,Germany,2024-08-21,2,44.53,5,84.61,Bank Transfer,39,Standard
INV12035,1160,353,Sports,UK,2024-04-21,3,14.2,15,36.21,PayPal,56,Standard
INV12036,1015,209,Fashion,UK,2024-09-01,3,60.12,10,162.32,Cash,32,Standard
INV12037,1492,252,Sports,France,2024-01-13,7,90.98,5,605.02,Bank Transfer,66,Silver
INV12038,1425,278,Books,Germany,2024-05-31,-1,54.15,10,-48.74,Card,32,Standard
INV12039,1107,258,Home,Germany,2024-07-01,6,23.5,20,112.8,Bank Transfer,27,Silver
INV12040,1893,349,Electronics,Spain,2024-06-02,2,48.11,0,96.22,PayPal,45,Silver
INV12041,1449,378,Home,Spain,2024-02-07,2,85.22,0,170.44,Cash,53,Silver
INV12042,1310,247,Books,France,2024-03-05,8,31.96,15,217.33,Cash,34,Silver
INV12043,1738,348,Electronics,Germany,2024-07-13,6,33.02,5,188.21,Bank Transfer,53,Standard
INV12044,1169,322,Electronics,Spain,2024-06-14,2,36.93,20,59.09,Cash,39,Standard
INV12045,1545,221,Sports,France,2024-06-06,-2,51.08,10,-91.94,PayPal,40,Platinum
INV12046,1413,299,Sports,France,2024-01-27,8,16.53,20,105.79,Cash,46,Standard
INV12047,1250,297,Fashion,France,2024-08-29,6,84.75,15,432.22,Cash,39,Gold
INV12048,1758,357,Home,France,2024-09-27,-1,22.56,0,-22.56,Cash,28,Gold
INV12049,1780,224,Fashion,France,2024-08-29,-2,70.23,20,-112.37,PayPal,53,Silver
INV12050,1140,227,Electronics,Spain,2024-07-02,7,2.58,10,16.25,Card,61,Silver
INV12051,1273,392,Sports,France,2024-11-04,0,26.55,5,0.0,Cash,46,Silver
INV12052,1415,312,Home,France,2024-10-16,-1,16.28,0,-16.28,Card,59,Platinum
INV12053,1607,244,Books,Spain,2024-11-01,5,65.37,0,326.85,Bank Transfer,49,Silver
INV12054,1738,267,Books,Germany,2024-10-28,9,96.3,0,866.7,Bank Transfer,31,Platinum
INV12055,1890,206,Home,Germany,2024-05-04,-2,41.07,20,-65.71,PayPal,35,Silver
INV12056,1038,248,Home,Germany,2024-03-22,-2,28.72,15,-48.82,PayPal,55,Gold
INV12057,1813,336,Fashion,Spain,2024-09-21,3,89.86,15,229.14,PayPal,54,Silver
INV12058,1028,363,Fashion,UK,2024-01-31,5,42.61,10,191.74,PayPal,51,Standard
INV12059,1957,282,Home,UK,2024-09-22,3,95.95,10,259.07,Card,62,Silver
INV12060,1476,328,Fashion,Spain,2024-02-01,9,98.67,15,754.83,PayPal,40,Standard
INV12061,1317,337,Home,Germany,2024-03-14,6,15.49,5,88.29,Card,49,Standard
INV12062,1244,363,Books,France,2024-04-30,-1,69.71,20,-55.77,Cash,63,Standard
INV12063,1747,272,Books,France,2024-05-15,7,45.83,15,272.69,Cash,20,Standard
INV12064,1696,245,Fashion,France,2024-02-20,5,57.35,0,286.75,Bank Transfer,60,Platinum
INV12065,1271,305,Fashion,UK,2024-11-06,5,82.73,5,392.97,Bank Transfer,39,Platinum
INV12066,1439,359,Books,France,2024-11-08,4,84.14,5,319.73,Card,40,Silver
INV12067,1747,231,Books,Spain,2024-06-23,6,22.92,0,137.52,PayPal,21,Silver
INV12068,1238,205,Fashion,UK,2024-06-19,3,64.11,15,163.48,Bank Transfer,30,Platinum
INV12069,1376,375,Books,Spain,2024-03-25,1,15.82,15,13.45,Card,49,Silver
INV12070,1265,365,Home,France,2024-05-16,1,24.32,5,23.1,Bank Transfer,46,Silver
INV12071,1925,344,Electronics,France,2024-10-23,4,44.86,5,170.47,PayPal,57,Platinum
INV12072,1920,273,Fashion,Spain,2024-10-24,8,58.0,20,371.2,Card,57,Platinum
INV12073,1358,313,Electronics,Germany,2024-11-01,0,58.0,10,0.0,Bank Transfer,62,Silver
INV12074,1339,226,Home,Spain,2024-04-15,5,96.17,20,384.68,PayPal,27,Platinum
INV12075,1388,253,Fashion,UK,2024-11-07,-2,19.97,20,-31.95,Card,30,Gold
INV12076,1576,377,Fashion,Germany,2024-11-24,6,40.49,20,194.35,Card,62,Standard
INV12077,1989,362,Sports,France,2024-12-25,3,7.42,0,22.26,Card,34,Standard
INV12078,1688,284,Electronics,Spain,2024-12-21,0,56.39,5,0.0,Cash,55,Gold
INV12079,1002,326,Books,Germany,2024-02-28,-1,67.36,5,-63.99,Card,19,Gold
INV12080,1428,352,Sports,UK,2024-05-14,2,65.14,0,130.28,Bank Transfer,34,Silver
INV12081,1141,355,Home,France,2024-12-22,-1,87.52,5,-83.14,Card,61,Silver
INV12082,1375,310,Sports,Spain,2024-11-28,9,87.57,15,669.91,Card,43,Standard
INV12083,1669,214,Books,Germany,2024-08-08,5,18.1,5,85.98,Card,55,Silver
INV12084,1323,331,Fashion,UK,2024-09-20,7,26.22,0,183.54,Card,54,Standard
INV12085,1145,292,Fashion,France,2024-12-14,7,57.58,0,403.06,Card,22,Silver
INV12086,1957,322,Fashion,Spain,2024-12-27,8,76.88,5,584.29,Cash,42,Silver
INV12087,1292,272,Electronics,Germany,2024-05-20,7,44.27,15,263.41,PayPal,26,Standard
INV12088,1664,354,Home,Spain,2024-09-01,1,87.91,5,83.51,Cash,45,Gold
INV12089,1431,353,Sports,UK,2024-03-16,-1,8.25,0,-8.25,Bank Transfer,39,Gold
INV12090,1704,346,Fashion,Spain,2024-10-21,0,56.0,0,0.0,PayPal,46,Silver
INV12091,1948,291,Sports,Spain,2024-11-16,6,2.71,15,13.82,Bank Transfer,52,Gold
INV12092,1974,216,Electronics,Germany,2024-02-07,7,57.42,5,381.84,Card,37,Silver
INV12093,1584,242,Books,France,2024-08-25,9,36.75,15,281.14,Bank Transfer,22,Platinum
INV12094,1398,320,Books,France,2024-10-19,1,5.64,0,5.64,Cash,56,Platinum
INV12095,1816,240,Home,UK,2024-06-17,-1,73.18,10,-65.86,Cash,61,Platinum
INV12096,1888,369,Sports,UK,2024-03-06,0,32.6,20,0.0,Card,49,Gold
INV12097,1343,377,Fashion,UK,2024-09-22,8,69.62,10,501.26,Card,56,Gold
INV12098,1963,367,Fashion,France,2024-08-19,9,77.89,0,701.01,PayPal,27,Standard
INV12099,1139,238,Books,France,2024-04-19,6,90.48,20,434.3,Cash,57,Gold
INV12100,1186,312,Electronics,UK,2024-02-04,-2,40.03,5,-76.06,Cash,34,Silver
INV12101,1804,350,Electronics,France,2024-02-01,-1,75.28,10,-67.75,PayPal,54,Standard
INV12102,1060,310,Fashion,France,2024-05-22,5,89.05,20,356.2,Cash,32,Gold
INV12103,1996,379,Sports,Spain,2024-06-08,7,80.37,15,478.2,PayPal,26,Standard
INV12104,1938,246,Sports,UK,2024-08-30,-1,83.62,10,-75.26,Cash,49,Gold
INV12105,1379,262,Books,Germany,2024-01-17,0,19.89,10,0.0,Bank Transfer,40,Silver
INV12106,1709,309,Electronics,France,2024-04-01,-1,53.93,15,-45.84,Bank Transfer,28,Platinum
INV12107,1806,268,Electronics,Germany,2024-07-20,8,60.4,15,410.72,PayPal,30,Platinum
INV12108,1439,242,Electronics,Spain,2024-06-12,5,51.35,20,205.4,PayPal,35,Silver
INV12109,1318,375,Home,France,2024-11-21,-1,44.04,10,-39.64,Card,66,Standard
INV12110,1301,233,Home,France,2024-07-10,0,78.53,15,0.0,Cash,26,Platinum
INV12111,1343,239,Fashion,Germany,2024-10-23,0,94.57,20,0.0,Bank Transfer,59,Gold
INV12112,1010,260,Electronics,UK,2024-07-22,2,87.41,15,148.6,Card,22,Gold
INV12113,1061,377,Home,France,2024-07-02,3,11.26,20,27.02,Cash,60,Standard
INV12114,1844,394,Sports,Spain,2024-07-12,4,51.56,10,185.62,Bank Transfer,39,Standard
INV12115,1225,261,Sports,France,2024-02-13,-1,56.07,10,-50.46,Cash,49,Silver
INV12116,1152,257,Home,UK,2024-07-30,3,50.51,10,136.38,PayPal,64,Platinum
INV12117,1710,360,Home,France,2024-01-19,2,22.25,0,44.5,Bank Transfer,19,Standard
INV12118,1563,274,Home,France,2024-04-11,6,27.22,15,138.82,Bank Transfer,38,Platinum
INV12119,1771,215,Home,France,2024-08-15,7,67.75,15,403.11,Card,45,Platinum
INV12120,1570,281,Sports,France,2024-05-20,0,7.84,10,0.0,Cash,69,Gold
INV12121,1583,293,Fashion,UK,2024-10-21,6,41.62,15,212.26,PayPal,41,Standard
INV12122,1659,247,Books,France,2024-08-18,2,86.75,10,156.15,PayPal,41,Silver
INV12123,1860,337,Fashion,Germany,2024-09-13,-1,6.38,5,-6.06,Cash,31,Standard
INV12124,1574,281,Sports,UK,2024-02-17,6,23.48,10,126.79,Cash,54,Platinum
INV12125,1309,237,Fashion,Spain,2024-08-16,4,94.18,10,339.05,PayPal,44,Gold
INV12126,1884,326,Electronics,Germany,2024-11-06,-2,71.01,0,-142.02,Cash,41,Standard
INV12127,1242,218,Home,Spain,2024-06-04,2,20.51,20,32.82,Card,23,Standard
INV12128,1492,363,Books,France,2024-12-07,5,40.9,0,204.5,Cash,43,Standard
INV12129,1365,386,Electronics,France,2024-09-19,2,56.5,10,101.7,Card,32,Silver
INV12130,1329,262,Sports,France,2024-09-28,5,26.8,10,120.6,Card,46,Silver
INV12131,1106,276,Home,Spain,2024-12-08,0,62.0,10,0.0,Cash,53,Silver
INV12132,1225,373,Home,France,2024-09-08,9,78.51,10,635.93,Bank Transfer,27,Silver
INV12133,1824,330,Fashion,Spain,2024-12-03,3,67.87,20,162.89,Bank Transfer,45,Gold
INV12134,1217,301,Fashion,UK,2024-06-17,-1,37.18,15,-31.6,Card,68,Gold
INV12135,1936,264,Home,France,2024-10-12,8,4.8,15,32.64,Cash,26,Silver
INV12136,1752,319,Home,Germany,2024-05-11,4,17.31,15,58.85,Card,38,Platinum
INV12137,1505,290,Electronics,Spain,2024-09-05,8,7.63,20,48.83,Cash,27,Silver
INV12138,1258,207,Books,Germany,2024-10-03,3,50.18,0,150.54,Cash,21,Silver
INV12139,1887,378,Electronics,Germany,2024-05-23,0,26.19,10,0.0,PayPal,21,Platinum
INV12140,1773,272,Fashion,UK,2024-09-24,5,89.08,10,400.86,Bank Transfer,23,Standard
INV12141,1516,333,Sports,Spain,2024-06-25,9,54.28,0,488.52,Bank Transfer,43,Platinum
INV12142,1772,306,Electronics,Germany,2024-12-27,2,3.74,0,7.48,PayPal,57,Platinum
INV12143,1053,288,Sports,Germany,2024-05-15,1,61.01,5,57.96,PayPal,33,Gold
INV12144,1046,238,Sports,Spain,2024-01-16,3,56.86,20,136.46,PayPal,25,Standard
INV12145,1726,312,Books,Germany,2024-06-05,7,27.94,20,156.46,Card,45,Platinum
INV12146,1688,387,Sports,France,2024-02-29,3,65.22,10,176.09,Card,33,Silver
INV12147,1520,227,Home,France,2024-02-18,9,36.82,15,281.67,Card,55,Platinum
INV12148,1098,296,Fashion,UK,2024-12-30,5,46.05,20,184.2,Card,66,Gold
INV12149,1019,381,Sports,UK,2024-11-09,6,55.58,20,266.78,Card,18,Platinum
INV12150,1889,236,Electronics,France,2024-04-18,4,8.91,10,32.08,Bank Transfer,36,Silver
INV12151,1752,336,Fashion,Germany,2024-11-24,1,69.4,5,65.93,Bank Transfer,67,Standard
INV12152,1572,281,Home,France,2024-06-20,2,86.43,0,172.86,Cash,34,Gold
INV12153,1890,255,Sports,UK,2024-01-09,3,56.73,5,161.68,Bank Transfer,66,Standard
INV12154,1489,386,Electronics,Spain,2024-10-16,0,32.89,10,0.0,PayPal,45,Gold
INV12155,1418,284,Books,France,2024-01-23,0,54.36,20,0.0,Bank Transfer,61,Silver
INV12156,1689,201,Fashion,Germany,2024-02-26,7,58.18,20,325.81,PayPal,29,Gold
INV12157,1849,388,Fashion,Germany,2024-06-07,-2,5.9,5,-11.21,Bank Transfer,23,Standard
INV12158,1061,257,Books,Germany,2024-05-22,3,81.3,20,195.12,Card,24,Standard
INV12159,1144,306,Electronics,Germany,2024-02-12,1,9.15,15,7.78,Bank Transfer,25,Platinum
INV12160,1215,322,Electronics,Germany,2024-04-13,3,48.52,5,138.28,Cash,20,Standard
INV12161,1002,387,Books,UK,2024-11-16,8,16.83,15,114.44,Card,66,Platinum
INV12162,1159,367,Home,Spain,2024-05-25,8,22.73,10,163.66,Card,38,Standard
INV12163,1738,363,Electronics,Spain,2024-09-01,8,10.3,5,78.28,Cash,25,Platinum
INV12164,1997,313,Books,Spain,2024-05-05,3,18.59,20,44.62,Bank Transfer,45,Silver
INV12165,1780,306,Home,France,2024-06-11,6,35.34,20,169.63,Bank Transfer,47,Platinum
INV12166,1119,236,Sports,Germany,2024-02-16,-2,72.95,20,-116.72,Cash,49,Standard
INV12167,1892,278,Books,Germany,2024-09-25,5,87.37,5,415.01,Card,28,Silver
INV12168,1088,291,Sports,Spain,2024-07-10,-2,93.96,5,-178.52,Cash,37,Gold
INV12169,1328,217,Fashion,France,2024-08-17,5,14.81,10,66.64,PayPal,67,Standard
INV12170,1579,297,Fashion,France,2024-07-06,-2,33.18,5,-63.04,PayPal,33,Platinum
INV12171,1909,262,Books,UK,2024-03-27,-2,11.39,5,-21.64,Bank Transfer,42,Gold
INV12172,1356,349,Electronics,Spain,2024-12-27,2,7.47,0,14.94,Card,62,Platinum
INV12173,1609,338,Sports,Germany,2024-01-13,3,86.37,20,207.29,PayPal,26,Gold
INV12174,1266,385,Home,Spain,2024-03-05,-2,81.79,5,-155.4,Cash,68,Silver
INV12175,1616,384,Electronics,Spain,2024-02-01,8,27.79,20,177.86,Bank Transfer,56,Standard
INV12176,1951,203,Home,Germany,2024-08-21,1,79.48,5,75.51,Bank Transfer,66,Silver
INV12177,1322,334,Electronics,UK,2024-03-29,5,36.8,5,174.8,Card,57,Standard
INV12178,1634,260,Home,UK,2024-09-22,2,93.09,20,148.94,PayPal,57,Gold
INV12179,1987,306,Fashion,Germany,2024-04-21,9,93.93,0,845.37,Bank Transfer,20,Silver
INV12180,1540,253,Sports,France,2024-05-21,9,21.55,15,164.86,Cash,33,Standard
INV12181,1648,287,Books,UK,2024-11-05,-1,81.23,10,-73.11,PayPal,29,Gold
INV12182,1194,267,Books,UK,2024-02-12,9,80.22,5,685.88,Bank Transfer,32,Silver
INV12183,1920,328,Fashion,Spain,2024-03-23,3,14.08,10,38.02,Bank Transfer,21,Silver
INV12184,1737,254,Sports,Spain,2024-05-17,6,59.73,5,340.46,PayPal,40,Silver
INV12185,1331,202,Electronics,Spain,2024-01-29,0,65.96,15,0.0,PayPal,44,Silver
INV12186,1169,365,Sports,Germany,2024-08-14,9,22.76,5,194.6,Card,56,Platinum
INV12187,1520,320,Electronics,Germany,2024-06-17,3,89.37,15,227.89,Cash,60,Gold
INV12188,1462,328,Fashion,Germany,2024-10-09,-2,67.83,0,-135.66,Card,54,Platinum
INV12189,1039,301,Home,Spain,2024-08-14,6,75.93,0,455.58,Card,30,Gold
INV12190,1536,237,Books,France,2024-04-21,-2,39.06,10,-70.31,Cash,60,Gold
INV12191,1260,284,Home,France,2024-04-30,0,16.34,20,0.0,Cash,54,Gold
INV12192,1394,356,Electronics,Spain,2024-10-15,2,60.88,0,121.76,Card,57,Standard
INV12193,1954,332,Home,Germany,2024-07-15,5,87.84,15,373.32,PayPal,38,Gold
INV12194,1225,291,Books,UK,2024-09-17,5,83.62,10,376.29,Cash,46,Silver
INV12195,1983,220,Home,UK,2024-03-26,7,27.2,15,161.84,Card,46,Platinum
INV12196,1123,398,Home,UK,2024-11-04,5,32.31,0,161.55,PayPal,66,Silver
INV12197,1974,394,Home,Spain,2024-08-01,1,52.57,5,49.94,Bank Transfer,28,Silver
INV12198,1037,308,Sports,Germany,2024-01-08,0,49.59,15,0.0,PayPal,68,Platinum
INV12199,1327,246,Electronics,France,2024-09-21,2,71.72,15,121.92,Card,67,Silver
INV12200,1250,283,Books,UK,2024-12-12,7,3.74,5,24.87,Cash,45,Standard
INV12201,1900,282,Electronics,Germany,2024-08-02,6,93.24,5,531.47,PayPal,27,Silver
INV12202,1175,234,Electronics,Spain,2024-08-08,8,14.03,5,106.63,PayPal,22,Silver
INV12203,1601,395,Books,Spain,2024-03-30,8,53.06,20,339.58,PayPal,42,Platinum
INV12204,1913,268,Home,Spain,2024-09-14,5,53.18,0,265.9,Cash,50,Silver
INV12205,1453,328,Books,Germany,2024-09-12,0,71.57,10,0.0,Cash,34,Platinum
INV12206,1036,395,Books,France,2024-05-05,1,12.64,0,12.64,PayPal,66,Gold
INV12207,1315,339,Fashion,UK,2024-05-22,2,92.68,10,166.82,PayPal,50,Gold
INV12208,1687,387,Books,Spain,2024-10-10,-1,63.36,20,-50.69,Card,42,Standard
INV12209,1972,226,Fashion,France,2024-06-17,3,4.36,0,13.08,Cash,50,Platinum
INV12210,1795,255,Electronics,Spain,2024-05-23,4,87.55,10,315.18,PayPal,26,Platinum
INV12211,1964,222,Books,Germany,2024-12-19,6,86.44,10,466.78,Cash,44,Platinum
INV12212,1972,352,Fashion,France,2024-05-20,8,37.0,20,236.8,Cash,42,Standard
INV12213,1592,220,Electronics,Spain,2024-08-22,4,43.89,15,149.23,Cash,21,Standard
INV12214,1113,260,Books,Germany,2024-08-08,0,10.5,0,0.0,Card,26,Silver
INV12215,1039,262,Home,UK,2024-10-23,5,71.31,0,356.55,Bank Transfer,63,Platinum
INV12216,1300,321,Electronics,Spain,2024-06-01,2,37.57,10,67.63,Cash,32,Standard
INV12217,1223,251,Electronics,France,2024-07-14,7,5.43,15,32.31,Cash,33,Gold
INV12218,1317,287,Books,France,2024-08-07,0,69.19,20,0.0,PayPal,33,Gold
INV12219,1348,352,Sports,France,2024-08-20,0,55.43,5,0.0,Cash,30,Platinum
INV12220,1114,254,Books,Germany,2024-03-18,0,21.14,0,0.0,Bank Transfer,31,Gold
INV12221,1697,245,Fashion,Germany,2024-05-14,7,40.88,20,228.93,Cash,39,Silver
INV12222,1322,231,Books,UK,2024-09-15,0,84.48,0,0.0,Card,38,Silver
INV12223,1567,254,Sports,UK,2024-07-13,2,60.14,10,108.25,PayPal,26,Platinum
INV12224,1039,295,Electronics,France,2024-09-20,1,91.74,5,87.15,Bank Transfer,58,Standard
INV12225,1865,332,Home,Germany,2024-02-19,9,91.23,5,780.02,Card,21,Standard
INV12226,1039,235,Books,UK,2024-07-22,4,21.76,0,87.04,Bank Transfer,27,Standard
INV12227,1858,309,Fashion,UK,2024-09-09,0,98.13,20,0.0,PayPal,52,Standard
INV12228,1972,376,Home,Germany,2024-06-07,3,35.01,0,105.03,Cash,26,Platinum
INV12229,1748,305,Books,UK,2024-07-07,5,45.37,5,215.51,PayPal,68,Silver
INV12230,1288,257,Fashion,UK,2024-12-27,0,23.24,15,0.0,PayPal,65,Platinum
INV12231,1261,238,Sports,UK,2024-08-21,4,18.07,10,65.05,Cash,33,Platinum
INV12232,1215,279,Fashion,France,2024-07-04,0,49.89,10,0.0,Card,66,Gold
INV12233,1146,296,Sports,UK,2024-11-10,6,58.29,0,349.74,Bank Transfer,35,Silver
INV12234,1335,312,Electronics,France,2024-01-29,7,3.48,0,24.36,Card,27,Standard
INV12235,1167,260,Electronics,France,2024-01-04,7,63.43,10,399.61,Cash,38,Silver
INV12236,1091,336,Electronics,UK,2024-09-04,3,20.79,20,49.9,Bank Transfer,68,Gold
INV12237,1352,205,Books,France,2024-12-10,-2,59.69,20,-95.5,Cash,32,Platinum
INV12238,1570,308,Fashion,Spain,2024-05-04,-2,16.38,5,-31.12,Card,32,Silver
INV12239,1570,234,Home,France,2024-03-28,0,48.42,20,0.0,PayPal,28,Gold
INV12240,1815,238,Books,Spain,2024-05-09,8,33.81,0,270.48,Bank Transfer,57,Platinum
INV12241,1680,349,Sports,Spain,2024-05-16,2,2.02,0,4.04,Cash,65,Standard
INV12242,1780,368,Sports,France,2024-03-05,0,39.54,5,0.0,Bank Transfer,59,Silver
INV12243,1362,317,Fashion,France,2024-06-20,5,16.38,10,73.71,Bank Transfer,58,Standard
INV12244,1556,204,Sports,UK,2024-12-18,9,72.97,20,525.38,Card,64,Standard
INV12245,1344,369,Fashion,Germany,2024-02-15,2,95.75,0,191.5,PayPal,54,Gold
INV12246,1692,286,Electronics,UK,2024-03-18,0,53.48,20,0.0,Bank Transfer,37,Gold
INV12247,1169,275,Home,Spain,2024-12-08,-1,30.46,5,-28.94,Card,51,Platinum
INV12248,1355,394,Home,Germany,2024-09-26,2,30.36,5,57.68,Bank Transfer,39,Standard
INV12249,1190,357,Books,Spain,2024-10-06,2,83.29,15,141.59,PayPal,65,Gold
INV12250,1666,256,Books,France,2024-11-25,3,93.95,10,253.67,Bank Transfer,35,Gold
INV12251,1421,326,Electronics,Germany,2024-04-21,8,98.62,5,749.51,PayPal,33,Standard
INV12252,1699,228,Sports,Spain,2024-08-05,0,65.31,15,0.0,Card,22,Platinum
INV12253,1006,364,Books,Spain,2024-07-27,6,13.17,20,63.22,Card,18,Standard
INV12254,1132,286,Fashion,France,2024-12-30,3,42.65,0,127.95,PayPal,36,Platinum
INV12255,1746,340,Home,France,2024-07-14,3,32.9,15,83.89,PayPal,27,Platinum
INV12256,1556,359,Home,UK,2024-03-15,-1,56.97,20,-45.58,Card,38,Gold
INV12257,1825,245,Home,UK,2024-05-22,3,64.36,10,173.77,PayPal,30,Standard
INV12258,1760,315,Electronics,Germany,2024-02-27,7,47.61,10,299.94,PayPal,41,Standard
INV12259,1030,311,Electronics,Germany,2024-09-27,6,77.42,5,441.29,Cash,40,Gold
INV12260,1534,350,Electronics,Germany,2024-07-02,0,67.44,10,0.0,Bank Transfer,40,Silver
INV12261,1425,244,Fashion,UK,2024-11-17,2,71.84,0,143.68,Card,28,Silver
INV12262,1393,344,Fashion,UK,2024-06-24,0,94.6,0,0.0,Card,64,Standard
INV12263,1671,303,Sports,Germany,2024-02-24,5,36.54,15,155.29,Cash,19,Gold
INV12264,1362,284,Fashion,Germany,2024-05-23,3,82.01,15,209.13,PayPal,23,Platinum
INV12265,1436,393,Sports,Spain,2024-10-25,6,59.46,0,356.76,PayPal,28,Platinum
INV12266,1669,333,Sports,Germany,2024-12-30,5,87.77,5,416.91,PayPal,32,Standard
INV12267,1550,307,Electronics,France,2024-10-08,1,63.48,10,57.13,Card,26,Gold
INV12268,1926,217,Home,Germany,2024-07-22,1,81.71,10,73.54,Cash,29,Standard
INV12269,1081,293,Books,UK,2024-03-28,-2,62.4,0,-124.8,Bank Transfer,53,Standard
INV12270,1355,349,Sports,France,2024-03-08,-2,58.17,5,-110.52,Cash,45,Gold
INV12271,1257,232,Books,UK,2024-11-06,8,86.74,20,555.14,Card,40,Standard
INV12272,1717,357,Sports,Germany,2024-04-20,-1,95.96,0,-95.96,Bank Transfer,44,Platinum
INV12273,1588,325,Home,Spain,2024-01-25,8,15.43,10,111.1,PayPal,41,Silver
INV12274,1988,359,Books,Spain,2024-05-02,8,49.87,0,398.96,Cash,31,Platinum
INV12275,1523,369,Electronics,Germany,2024-07-13,-2,98.13,10,-176.63,Cash,52,Silver
INV12276,1294,321,Home,UK,2024-10-13,-1,2.86,0,-2.86,Card,44,Gold
INV12277,1961,337,Home,France,2024-09-22,8,32.88,0,263.04,Cash,38,Standard
INV12278,1223,314,Sports,Germany,2024-07-22,8,51.96,20,332.54,Bank Transfer,66,Silver
INV12279,1524,363,Sports,France,2024-03-17,3,44.47,10,120.07,Cash,30,Gold
INV12280,1045,361,Electronics,Spain,2024-09-06,0,19.19,5,0.0,Card,25,Gold
INV12281,1666,227,Books,Spain,2024-07-22,0,85.85,0,0.0,Cash,61,Gold
INV12282,1112,210,Sports,France,2024-09-08,0,31.37,15,0.0,Bank Transfer,61,Platinum
INV12283,1232,366,Electronics,Germany,2024-12-08,7,16.86,20,94.42,Bank Transfer,61,Platinum
INV12284,1016,246,Home,Germany,2024-09-07,8,55.0,0,440.0,Card,51,Silver
INV12285,1359,326,Home,UK,2024-06-02,8,83.83,20,536.51,PayPal,59,Silver
INV12286,1222,346,Books,Spain,2024-11-22,6,39.82,20,191.14,Card,40,Platinum
INV12287,1865,317,Home,Spain,2024-10-23,-2,20.91,10,-37.64,PayPal,26,Silver
INV12288,1699,342,Electronics,UK,2024-06-21,-2,89.53,10,-161.15,Bank Transfer,18,Silver
INV12289,1447,325,Electronics,UK,2024-03-11,5,46.05,10,207.22,Cash,53,Standard
INV12290,1855,355,Fashion,UK,2024-08-11,6,26.03,10,140.56,Cash,63,Silver
INV12291,1364,351,Books,Germany,2024-02-19,0,24.06,0,0.0,Bank Transfer,33,Gold
INV12292,1674,271,Electronics,France,2024-01-18,7,6.21,10,39.12,Card,42,Standard
INV12293,1325,306,Home,Spain,2024-11-05,-1,48.63,20,-38.9,Cash,35,Silver
INV12294,1466,336,Electronics,UK,2024-03-13,7,88.77,15,528.18,Card,51,Standard
INV12295,1413,374,Sports,Germany,2024-04-09,-1,44.93,10,-40.44,Cash,55,Gold
INV12296,1454,232,Books,Spain,2024-06-22,1,88.04,20,70.43,PayPal,20,Silver
INV12297,1585,389,Home,France,2024-05-05,2,63.58,15,108.09,Cash,37,Standard
INV12298,1232,218,Home,France,2024-03-25,-2,42.26,5,-80.29,PayPal,36,Silver
INV12299,1223,394,Electronics,Germany,2024-01-06,9,13.18,0,118.62,Cash,30,Standard
INV12300,1993,273,Fashion,Germany,2024-03-18,4,46.91,15,159.49,Cash,34,Standard
INV12301,1830,367,Home,Spain,2024-08-15,1,98.29,10,88.46,Cash,31,Gold
INV12302,1411,374,Fashion,Spain,2024-08-26,5,59.53,5,282.77,Cash,47,Gold
INV12303,1571,392,Home,Germany,2024-09-04,1,70.24,5,66.73,Cash,39,Silver
INV12304,1334,356,Sports,Spain,2024-12-06,-2,27.42,5,-52.1,Card,60,Platinum
INV12305,1221,377,Home,UK,2024-04-21,8,84.63,0,677.04,PayPal,65,Silver
INV12306,1036,297,Home,Spain,2024-09-11,1,94.55,0,94.55,PayPal,60,Standard
INV12307,1988,340,Books,Spain,2024-04-16,0,77.97,20,0.0,Cash,46,Gold
INV12308,1277,328,Books,France,2024-06-27,5,18.89,5,89.73,Card,67,Gold
INV12309,1195,361,Electronics,France,2024-02-18,8,46.55,20,297.92,Card,19,Standard
INV12310,1915,292,Fashion,Spain,2024-06-24,0,59.44,20,0.0,Bank Transfer,25,Platinum
INV12311,1863,375,Electronics,France,2024-10-23,6,92.64,0,555.84,Bank Transfer,31,Gold
INV12312,1483,247,Sports,Spain,2024-02-17,0,31.8,10,0.0,Card,51,Platinum
INV12313,1241,376,Electronics,UK,2024-10-17,4,3.03,15,10.3,Bank Transfer,30,Gold
INV12314,1323,263,Sports,Spain,2024-10-21,9,92.82,20,668.3,PayPal,27,Standard
INV12315,1730,260,Electronics,France,2024-09-14,1,65.29,0,65.29,Card,25,Silver
INV12316,1191,356,Books,Germany,2024-07-28,3,22.33,10,60.29,Bank Transfer,24,Silver
INV12317,1016,238,Sports,UK,2024-01-29,5,62.04,15,263.67,Card,30,Platinum
INV12318,1523,327,Home,Spain,2024-12-26,4,45.44,20,145.41,Bank Transfer,43,Silver
INV12319,1917,287,Fashion,Germany,2024-03-29,7,83.12,10,523.66,Card,49,Standard
INV12320,1400,225,Books,Spain,2024-08-07,7,11.75,20,65.8,Cash,36,Silver
INV12321,1905,216,Fashion,France,2024-07-22,0,49.32,20,0.0,PayPal,32,Platinum
INV12322,1885,270,Fashion,Germany,2024-06-24,4,86.15,0,344.6,Bank Transfer,19,Standard
INV12323,1704,212,Home,UK,2024-07-14,0,45.33,5,0.0,Cash,54,Standard
INV12324,1021,268,Fashion,UK,2024-12-22,-1,88.86,15,-75.53,Card,36,Gold
INV12325,1473,225,Electronics,UK,2024-03-05,0,89.62,10,0.0,Cash,50,Gold
INV12326,1119,248,Books,Spain,2024-03-06,3,18.76,15,47.84,PayPal,56,Silver
INV12327,1209,394,Books,Germany,2024-11-23,2,13.2,5,25.08,Bank Transfer,67,Platinum
INV12328,1305,206,Fashion,Germany,2024-09-28,-1,8.03,20,-6.42,Bank Transfer,50,Standard
INV12329,1269,257,Books,Germany,2024-01-22,2,85.48,20,136.77,Card,18,Silver
INV12330,1703,248,Sports,France,2024-07-06,6,67.73,5,386.06,PayPal,56,Silver
INV12331,1686,302,Fashion,France,2024-09-27,7,69.77,20,390.71,Cash,45,Gold
INV12332,1284,252,Electronics,France,2024-08-11,2,27.69,20,44.3,Card,34,Silver
INV12333,1715,392,Books,Germany,2024-10-23,-1,6.72,10,-6.05,Bank Transfer,23,Silver
INV12334,1675,261,Books,Spain,2024-03-25,2,72.3,0,144.6,Cash,69,Gold
INV12335,1762,216,Home,Germany,2024-11-20,9,75.13,5,642.36,Card,61,Silver
INV12336,1226,370,Sports,Spain,2024-04-21,2,68.36,10,123.05,Cash,37,Silver
INV12337,1947,224,Electronics,Germany,2024-10-07,4,34.41,20,110.11,Cash,64,Standard
INV12338,1380,330,Electronics,Germany,2024-06-25,2,47.9,10,86.22,Card,30,Silver
INV12339,1459,228,Sports,France,2024-07-14,8,19.67,5,149.49,Cash,29,Gold
INV12340,1006,316,Home,Spain,2024-09-17,-1,23.64,10,-21.28,Cash,47,Gold
INV12341,1028,359,Sports,Germany,2024-02-13,1,3.23,20,2.58,PayPal,38,Standard
INV12342,1906,225,Sports,UK,2024-03-07,3,47.97,20,115.13,PayPal,19,Gold
INV12343,1032,323,Books,Spain,2024-12-06,9,82.98,10,672.14,Bank Transfer,35,Gold
INV12344,1645,343,Home,UK,2024-05-16,4,15.96,0,63.84,PayPal,45,Gold
INV12345,1878,224,Books,Germany,2024-05-14,2,34.82,20,55.71,Card,21,Silver
INV12346,1078,253,Books,Spain,2024-02-15,3,34.88,10,94.18,Cash,59,Standard
INV12347,1927,355,Sports,Spain,2024-01-01,8,57.53,10,414.22,Bank Transfer,60,Platinum
INV12348,1946,272,Fashion,France,2024-02-13,-1,76.56,15,-65.08,PayPal,23,Standard
INV12349,1458,319,Books,Spain,2024-08-21,3,56.06,0,168.18,Cash,55,Standard
INV12350,1569,255,Fashion,Spain,2024-03-11,7,83.11,5,552.68,Card,26,Standard
INV12351,1982,264,Sports,Spain,2024-08-26,6,77.59,0,465.54,Cash,37,Platinum
INV12352,1537,292,Books,Germany,2024-09-30,9,44.45,0,400.05,Card,62,Platinum
INV12353,1481,285,Fashion,UK,2024-08-01,3,6.16,10,16.63,Cash,47,Gold
INV12354,1429,279,Electronics,UK,2024-05-13,1,36.78,5,34.94,Bank Transfer,54,Silver
INV12355,1737,368,Books,Spain,2024-04-01,-1,85.07,10,-76.56,Bank Transfer,55,Gold
INV12356,1284,307,Fashion,Germany,2024-11-16,8,49.5,15,336.6,PayPal,21,Gold
INV12357,1515,378,Electronics,Spain,2024-07-26,5,99.11,10,446.0,PayPal,55,Platinum
INV12358,1976,317,Fashion,France,2024-04-07,6,28.63,10,154.6,Cash,67,Gold
INV12359,1098,398,Sports,UK,2024-05-19,9,70.38,15,538.41,Cash,30,Gold
INV12360,1396,356,Books,Germany,2024-02-29,5,90.03,20,360.12,PayPal,52,Platinum
INV12361,1488,282,Electronics,Spain,2024-07-08,9,45.49,5,388.94,PayPal,47,Standard
INV12362,1038,346,Electronics,UK,2024-10-14,6,29.11,20,139.73,Cash,59,Standard
INV12363,1270,393,Books,France,2024-11-27,3,78.36,20,188.06,Cash,21,Platinum
INV12364,1886,368,Sports,France,2024-05-24,4,86.64,10,311.9,Cash,42,Silver
INV12365,1796,372,Home,Spain,2024-08-01,5,3.72,5,17.67,Bank Transfer,48,Gold
INV12366,1156,214,Books,Germany,2024-12-11,7,95.14,20,532.78,Card,64,Standard
INV12367,1074,330,Sports,Spain,2024-10-19,2,23.41,0,46.82,Card,29,Platinum
INV12368,1883,338,Sports,France,2024-05-16,8,69.09,15,469.81,PayPal,32,Silver
INV12369,1799,380,Books,Germany,2024-08-21,-2,98.69,15,-167.77,Bank Transfer,43,Gold
INV12370,1129,373,Sports,France,2024-03-23,7,18.68,0,130.76,Cash,27,Platinum
INV12371,1686,229,Sports,Spain,2024-09-09,-1,50.86,15,-43.23,Cash,29,Platinum
INV12372,1973,256,Books,France,2024-06-23,-2,9.97,5,-18.94,PayPal,39,Platinum
INV12373,1083,345,Fashion,Germany,2024-09-06,-1,78.41,0,-78.41,PayPal,57,Gold
INV12374,1021,378,Home,France,2024-11-11,7,72.24,5,480.4,Bank Transfer,38,Standard
INV12375,1458,327,Home,France,2024-10-01,1,95.51,5,90.73,Card,52,Gold
INV12376,1538,247,Books,Spain,2024-03-11,4,84.73,20,271.14,Card,24,Gold
INV12377,1706,393,Sports,France,2024-05-21,4,21.96,5,83.45,Cash,35,Standard
INV12378,1848,335,Electronics,UK,2024-03-02,6,58.22,20,279.46,PayPal,44,Platinum
INV12379,1381,221,Sports,Germany,2024-03-02,1,48.22,5,45.81,Bank Transfer,52,Silver
INV12380,1747,205,Books,France,2024-06-10,8,7.15,10,51.48,Cash,64,Silver
INV12381,1439,384,Home,France,2024-09-03,5,15.16,0,75.8,Card,19,Standard
INV12382,1603,303,Fashion,Spain,2024-06-01,2,62.12,5,118.03,Card,49,Standard
INV12383,1988,235,Electronics,France,2024-01-23,2,28.89,15,49.11,Bank Transfer,32,Platinum
INV12384,1020,278,Books,France,2024-06-08,-1,54.42,5,-51.7,Cash,62,Silver
INV12385,1302,315,Electronics,Germany,2024-05-14,2,17.73,5,33.69,Bank Transfer,41,Silver
INV12386,1975,256,Fashion,UK,2024-12-26,2,8.07,5,15.33,Cash,37,Platinum
INV12387,1868,248,Sports,Germany,2024-05-15,2,92.67,15,157.54,Card,27,Standard
INV12388,1954,372,Home,UK,2024-06-06,2,90.4,10,162.72,PayPal,41,Standard
INV12389,1083,281,Home,Germany,2024-11-21,5,53.63,15,227.93,PayPal,41,Platinum
INV12390,1773,265,Electronics,UK,2024-05-05,7,72.93,20,408.41,Card,41,Standard
INV12391,1658,276,Home,Germany,2024-05-20,3,57.69,20,138.46,PayPal,57,Gold
INV12392,1952,244,Electronics,France,2024-11-14,-1,8.4,20,-6.72,PayPal,65,Standard
INV12393,1452,278,Electronics,Spain,2024-01-02,4,68.6,0,274.4,Cash,65,Gold
INV12394,1386,219,Books,France,2024-06-13,-2,49.01,15,-83.32,Bank Transfer,51,Silver
INV12395,1506,391,Fashion,UK,2024-11-27,-2,39.7,10,-71.46,Cash,58,Silver
INV12396,1256,322,Home,UK,2024-02-28,3,89.2,0,267.6,Bank Transfer,57,Standard
INV12397,1569,266,Home,Germany,2024-01-21,6,37.61,15,191.81,Bank Transfer,28,Platinum
INV12398,1891,282,Electronics,UK,2024-05-13,8,97.48,5,740.85,PayPal,43,Standard
INV12399,1933,202,Fashion,Spain,2024-11-28,0,94.15,15,0.0,Bank Transfer,18,Platinum
INV12400,1526,381,Books,France,2024-01-16,-2,30.45,20,-48.72,Bank Transfer,47,Silver
INV12401,1161,263,Home,Germany,2024-06-10,5,26.97,10,121.36,Card,60,Silver
INV12402,1956,239,Sports,Spain,2024-09-28,9,59.83,15,457.7,Bank Transfer,35,Silver
INV12403,1162,258,Sports,Spain,2024-04-30,-1,3.66,15,-3.11,Card,43,Platinum
INV12404,1831,382,Electronics,Spain,2024-03-02,9,82.0,20,590.4,Cash,64,Platinum
INV12405,1792,261,Electronics,UK,2024-06-25,1,49.26,5,46.8,PayPal,26,Silver
INV12406,1791,331,Books,Spain,2024-03-15,-1,52.87,15,-44.94,Bank Transfer,26,Standard
INV12407,1523,259,Home,Spain,2024-11-30,7,74.24,5,493.7,Card,18,Platinum
INV12408,1785,315,Fashion,UK,2024-11-05,-2,65.44,20,-104.7,Cash,24,Gold
INV12409,1270,274,Home,UK,2024-11-15,2,23.12,10,41.62,Cash,61,Silver
INV12410,1491,321,Books,UK,2024-12-22,-1,36.79,10,-33.11,Cash,59,Platinum
INV12411,1207,306,Home,Spain,2024-10-04,4,59.62,0,238.48,Card,68,Silver
INV12412,1538,295,Home,Spain,2024-08-29,2,69.64,5,132.32,Card,33,Gold
INV12413,1583,290,Sports,Germany,2024-07-27,-2,42.64,10,-76.75,PayPal,55,Standard
INV12414,1059,357,Home,Germany,2024-10-22,2,26.53,15,45.1,Bank Transfer,28,Gold
INV12415,1429,329,Fashion,France,2024-04-29,0,82.59,15,0.0,Cash,68,Standard
INV12416,1984,261,Books,Spain,2024-01-04,-2,82.25,0,-164.5,PayPal,42,Standard
INV12417,1656,248,Fashion,Spain,2024-11-22,6,94.26,5,537.28,Card,46,Platinum
INV12418,1604,336,Books,Spain,2024-12-17,9,94.77,0,852.93,PayPal,36,Standard
INV12419,1308,291,Fashion,France,2024-01-18,0,20.44,15,0.0,Cash,35,Standard
INV12420,1519,358,Sports,UK,2024-08-01,5,43.47,15,184.75,Cash,64,Standard
INV12421,1590,323,Fashion,Spain,2024-07-14,1,20.63,5,19.6,PayPal,46,Silver
INV12422,1026,260,Sports,France,2024-11-30,3,5.2,15,13.26,Cash,33,Platinum
INV12423,1685,247,Fashion,Spain,2024-05-22,4,74.48,20,238.34,Card,63,Platinum
INV12424,1561,352,Books,UK,2024-07-23,-2,78.52,15,-133.48,Cash,57,Standard
INV12425,1198,363,Sports,UK,2024-07-20,9,74.39,20,535.61,Bank Transfer,25,Silver
INV12426,1386,335,Home,France,2024-06-05,3,24.46,15,62.37,Bank Transfer,51,Standard
INV12427,1348,257,Books,Germany,2024-06-06,6,91.08,5,519.16,Cash,23,Platinum
INV12428,1959,300,Books,Germany,2024-06-04,-1,77.79,20,-62.23,PayPal,62,Platinum
INV12429,1939,311,Sports,Spain,2024-10-15,1,49.57,0,49.57,Cash,62,Platinum
INV12430,1692,372,Fashion,Germany,2024-07-23,-2,52.13,20,-83.41,Bank Transfer,47,Platinum
INV12431,1535,261,Sports,Germany,2024-01-21,9,57.99,0,521.91,Card,61,Silver
INV12432,1827,238,Home,France,2024-03-18,2,87.5,20,140.0,Bank Transfer,51,Gold
INV12433,1377,257,Sports,Spain,2024-06-17,-1,51.31,10,-46.18,Cash,38,Gold
INV12434,1898,298,Books,UK,2024-05-01,2,78.06,10,140.51,Cash,69,Silver
INV12435,1915,391,Books,Spain,2024-03-04,2,26.54,0,53.08,PayPal,29,Standard
INV12436,1557,243,Books,Spain,2024-01-13,7,88.99,5,591.78,Cash,66,Platinum
INV12437,1526,228,Home,Spain,2024-03-16,3,16.27,20,39.05,Cash,23,Platinum
INV12438,1152,258,Electronics,UK,2024-05-10,6,79.75,20,382.8,Card,56,Platinum
INV12439,1733,270,Electronics,France,2024-09-01,5,55.8,0,279.0,Card,23,Silver
INV12440,1205,291,Sports,France,2024-02-23,8,57.47,5,436.77,Card,21,Silver
INV12441,1454,208,Books,Spain,2024-01-13,-1,26.61,15,-22.62,PayPal,26,Platinum
INV12442,1272,326,Home,Germany,2024-07-29,1,10.16,10,9.14,PayPal,22,Platinum
INV12443,1893,333,Electronics,UK,2024-04-24,3,51.39,20,123.34,Bank Transfer,27,Standard
INV12444,1235,356,Sports,Spain,2024-12-18,0,99.08,15,0.0,PayPal,64,Gold
INV12445,1851,385,Electronics,Germany,2024-06-09,5,52.13,10,234.59,Card,25,Silver
INV12446,1739,344,Electronics,France,2024-05-25,6,70.4,20,337.92,PayPal,40,Gold
INV12447,1520,343,Fashion,France,2024-07-14,-1,11.79,0,-11.79,Cash,21,Platinum
INV12448,1677,330,Books,UK,2024-05-18,7,37.9,0,265.3,PayPal,54,Gold
INV12449,1943,220,Electronics,Germany,2024-04-11,0,73.32,5,0.0,Cash,24,Gold
INV12450,1955,263,Electronics,Germany,2024-10-01,5,10.43,0,52.15,Bank Transfer,23,Silver
INV12451,1830,289,Electronics,France,2024-11-12,-1,31.65,10,-28.48,Cash,62,Silver
INV12452,1725,235,Electronics,Germany,2024-03-06,0,72.26,20,0.0,Card,68,Standard
INV12453,1500,261,Sports,Germany,2024-09-08,-2,66.93,10,-120.47,Bank Transfer,59,Platinum
INV12454,1116,369,Sports,Spain,2024-03-08,2,7.13,10,12.83,Bank Transfer,32,Standard
INV12455,1385,275,Electronics,France,2024-01-01,8,46.21,5,351.2,Bank Transfer,52,Silver
INV12456,1343,369,Books,Spain,2024-09-30,3,16.86,20,40.46,Card,67,Standard
INV12457,1583,388,Electronics,France,2024-03-13,5,69.81,20,279.24,Cash,49,Gold
INV12458,1394,212,Sports,Germany,2024-11-04,-2,37.79,15,-64.24,Bank Transfer,31,Gold
INV12459,1063,210,Sports,France,2024-03-28,9,4.74,5,40.53,Card,52,Silver
INV12460,1716,253,Electronics,Germany,2024-10-07,-1,9.53,20,-7.62,Bank Transfer,28,Gold
INV12461,1720,215,Fashion,Spain,2024-06-24,5,39.6,15,168.3,Bank Transfer,27,Platinum
INV12462,1071,207,Fashion,Spain,2024-02-04,1,15.25,5,14.49,Card,34,Silver
INV12463,1788,303,Books,Spain,2024-09-27,3,46.79,20,112.3,PayPal,30,Platinum
INV12464,1273,258,Home,Germany,2024-08-18,8,31.74,20,203.14,Bank Transfer,51,Silver
INV12465,1989,256,Fashion,Germany,2024-10-11,6,17.99,20,86.35,PayPal,62,Silver
INV12466,1319,239,Electronics,France,2024-05-18,-1,14.55,15,-12.37,Bank Transfer,68,Gold
INV12467,1337,386,Home,Spain,2024-03-26,3,8.81,0,26.43,PayPal,22,Silver
INV12468,1365,329,Fashion,France,2024-09-21,9,42.94,20,309.17,Cash,65,Silver
INV12469,1494,293,Sports,France,2024-09-12,2,57.77,10,103.99,PayPal,27,Standard
INV12470,1606,337,Home,Germany,2024-04-12,-2,64.93,5,-123.37,PayPal,49,Gold
INV12471,1165,243,Fashion,Spain,2024-08-30,-2,35.55,0,-71.1,PayPal,29,Platinum
INV12472,1543,338,Home,France,2024-01-14,7,65.8,20,368.48,PayPal,69,Silver
INV12473,1010,279,Sports,Germany,2024-11-29,8,79.42,20,508.29,Cash,30,Platinum
INV12474,1300,280,Books,Spain,2024-06-14,6,9.98,0,59.88,Card,38,Standard
INV12475,1728,201,Electronics,Germany,2024-06-18,-1,38.61,20,-30.89,PayPal,65,Silver
INV12476,1800,377,Sports,UK,2024-05-21,-2,38.6,10,-69.48,Card,50,Platinum
INV12477,1101,339,Books,France,2024-12-30,-2,41.88,20,-67.01,Bank Transfer,58,Gold
INV12478,1424,314,Books,France,2024-12-20,5,73.92,5,351.12,Card,65,Standard
INV12479,1391,289,Home,France,2024-10-07,0,6.64,15,0.0,PayPal,68,Standard
INV12480,1778,222,Sports,Spain,2024-02-08,3,36.28,15,92.51,Card,64,Platinum
INV12481,1213,345,Home,Spain,2024-08-26,4,92.78,5,352.56,Cash,67,Silver
INV12482,1690,261,Books,Spain,2024-10-01,4,9.76,0,39.04,Cash,49,Silver
INV12483,1087,312,Electronics,France,2024-03-20,4,52.36,0,209.44,PayPal,29,Gold
INV12484,1552,327,Electronics,Germany,2024-10-03,4,17.26,5,65.59,Card,63,Gold
INV12485,1400,261,Electronics,UK,2024-06-06,9,29.82,20,214.7,Bank Transfer,52,Silver
INV12486,1587,237,Sports,France,2024-12-24,5,91.46,15,388.7,Cash,53,Standard
INV12487,1888,394,Sports,UK,2024-12-26,8,20.81,10,149.83,PayPal,55,Gold
INV12488,1045,365,Home,UK,2024-12-10,6,99.52,10,537.41,Cash,65,Gold
INV12489,1671,394,Home,UK,2024-06-02,9,91.0,15,696.15,PayPal,45,Standard
INV12490,1462,260,Sports,France,2024-10-08,2,80.99,5,153.88,Card,30,Silver
INV12491,1591,328,Electronics,Germany,2024-03-30,1,86.85,0,86.85,Card,29,Platinum
INV12492,1309,372,Books,Spain,2024-10-17,5,97.04,15,412.42,Card,39,Gold
INV12493,1085,355,Sports,Germany,2024-08-19,8,62.73,20,401.47,Card,61,Standard
INV12494,1091,348,Fashion,UK,2024-08-20,1,97.7,10,87.93,Card,19,Gold
INV12495,1659,321,Books,UK,2024-09-18,3,44.99,20,107.98,PayPal,46,Standard
INV12496,1672,309,Sports,UK,2024-12-11,8,91.38,20,584.83,Cash,30,Gold
INV12497,1713,212,Home,France,2024-11-04,-2,37.52,15,-63.78,Bank Transfer,52,Silver
INV12498,1935,354,Books,France,2024-12-19,4,33.06,20,105.79,Cash,30,Standard
INV12499,1927,299,Fashion,UK,2024-10-08,-1,78.73,10,-70.86,Card,51,Platinum
INV12500,1241,334,Sports,Spain,2024-05-12,0,14.58,20,0.0,Cash,36,Platinum
INV12501,1864,221,Sports,UK,2024-09-26,7,93.77,0,656.39,Cash,26,Gold
INV12502,1001,273,Fashion,Spain,2024-08-01,3,74.36,10,200.77,PayPal,69,Platinum
INV12503,1224,380,Electronics,Spain,2024-02-19,8,75.73,0,605.84,Bank Transfer,48,Gold
INV12504,1800,331,Books,France,2024-06-10,1,36.9,5,35.06,Bank Transfer,50,Standard
INV12505,1744,222,Fashion,France,2024-05-08,8,40.62,0,324.96,Card,44,Standard
INV12506,1972,318,Electronics,Spain,2024-09-13,2,89.29,0,178.58,PayPal,62,Platinum
INV12507,1925,269,Electronics,Germany,2024-07-20,2,83.63,15,142.17,PayPal,19,Platinum
INV12508,1928,283,Books,UK,2024-04-20,1,69.79,15,59.32,PayPal,32,Silver
INV12509,1588,300,Electronics,UK,2024-08-27,8,98.98,15,673.06,PayPal,36,Standard
INV12510,1115,283,Fashion,Spain,2024-06-05,-1,44.57,5,-42.34,PayPal,48,Platinum
INV12511,1665,360,Fashion,UK,2024-05-11,-2,70.48,10,-126.86,Bank Transfer,33,Platinum
INV12512,1917,227,Electronics,France,2024-03-15,-2,74.4,0,-148.8,Bank Transfer,60,Platinum
INV12513,1102,335,Sports,France,2024-04-22,6,49.54,0,297.24,Cash,32,Gold
INV12514,1193,200,Electronics,France,2024-08-07,1,89.47,5,85.0,Bank Transfer,23,Silver
INV12515,1165,364,Electronics,France,2024-07-09,4,55.55,15,188.87,PayPal,31,Standard
INV12516,1870,262,Electronics,Germany,2024-11-24,-1,64.61,20,-51.69,Cash,44,Platinum
INV12517,1089,221,Home,Spain,2024-08-03,3,53.47,0,160.41,Bank Transfer,55,Platinum
INV12518,1685,269,Home,Germany,2024-05-21,9,35.14,5,300.45,Cash,36,Platinum
INV12519,1121,324,Home,Germany,2024-03-06,2,83.71,5,159.05,Bank Transfer,54,Gold
INV12520,1142,348,Fashion,Spain,2024-05-31,-2,9.72,20,-15.55,Card,60,Standard
INV12521,1993,295,Fashion,UK,2024-11-30,3,54.13,15,138.03,Bank Transfer,21,Platinum
INV12522,1105,362,Electronics,Germany,2024-09-10,9,48.85,15,373.7,Cash,43,Platinum
INV12523,1886,278,Fashion,Germany,2024-11-21,-2,84.62,0,-169.24,Card,26,Gold
INV12524,1427,204,Books,Germany,2024-08-19,2,2.39,0,4.78,PayPal,58,Gold
INV12525,1304,259,Electronics,France,2024-11-18,2,5.97,0,11.94,Cash,66,Silver
INV12526,1871,319,Electronics,Spain,2024-09-11,1,21.65,0,21.65,PayPal,57,Silver
INV12527,1970,245,Electronics,Germany,2024-11-27,6,94.3,10,509.22,PayPal,32,Standard
INV12528,1316,377,Books,UK,2024-07-02,3,47.73,20,114.55,Cash,58,Silver
INV12529,1962,375,Sports,UK,2024-03-14,2,16.15,5,30.68,PayPal,54,Standard
INV12530,1634,333,Home,UK,2024-09-14,6,53.89,10,291.01,Cash,21,Silver
INV12531,1901,255,Electronics,France,2024-05-22,8,79.85,15,542.98,Cash,43,Platinum
INV12532,1008,309,Electronics,France,2024-01-21,7,19.41,10,122.28,Bank Transfer,69,Silver
INV12533,1773,386,Sports,France,2024-02-11,5,12.14,10,54.63,Card,35,Platinum
INV12534,1072,356,Electronics,France,2024-01-30,-1,36.29,10,-32.66,PayPal,58,Standard
INV12535,1358,398,Home,Spain,2024-08-03,4,93.63,5,355.79,PayPal,52,Silver
INV12536,1222,303,Electronics,Germany,2024-08-17,1,86.72,0,86.72,Card,58,Silver
INV12537,1415,276,Electronics,Spain,2024-07-27,4,8.56,20,27.39,Card,58,Silver
INV12538,1552,345,Sports,France,2024-08-25,8,5.43,0,43.44,Card,46,Platinum
INV12539,1369,201,Electronics,France,2024-12-14,9,69.96,20,503.71,Card,41,Platinum
INV12540,1715,207,Home,Spain,2024-07-02,0,44.94,5,0.0,Card,21,Silver
INV12541,1263,274,Electronics,France,2024-09-30,7,50.3,5,334.49,Bank Transfer,38,Standard
INV12542,1839,381,Books,Spain,2024-10-02,6,20.59,5,117.36,Cash,56,Platinum
INV12543,1689,324,Electronics,Germany,2024-01-13,9,77.32,15,591.5,Card,24,Gold
INV12544,1859,237,Electronics,UK,2024-09-28,7,90.03,5,598.7,Bank Transfer,40,Standard
INV12545,1317,375,Fashion,France,2024-02-07,4,79.51,20,254.43,Card,57,Standard
INV12546,1083,226,Fashion,Germany,2024-11-03,9,8.81,0,79.29,Card,38,Standard
INV12547,1317,219,Books,UK,2024-01-12,3,55.56,10,150.01,PayPal,18,Platinum
INV12548,1110,339,Electronics,Germany,2024-02-26,-1,10.75,5,-10.21,PayPal,58,Silver
INV12549,1250,242,Electronics,Spain,2024-04-29,3,72.79,5,207.45,PayPal,42,Silver
INV12550,1382,388,Home,UK,2024-09-25,-1,35.64,10,-32.08,PayPal,48,Gold
INV12551,1006,230,Sports,France,2024-04-28,6,37.05,15,188.96,Cash,61,Silver
INV12552,1458,290,Books,UK,2024-08-24,5,20.99,20,83.96,Cash,55,Gold
INV12553,1083,260,Home,France,2024-04-03,-2,25.01,10,-45.02,PayPal,62,Gold
INV12554,1207,394,Sports,UK,2024-01-23,7,37.74,5,250.97,PayPal,22,Silver
INV12555,1899,308,Electronics,Germany,2024-09-21,8,20.24,0,161.92,Card,48,Gold
INV12556,1389,290,Fashion,UK,2024-10-18,9,47.59,15,364.06,Card,68,Standard
INV12557,1313,362,Sports,Spain,2024-11-18,-1,99.16,0,-99.16,PayPal,18,Standard
INV12558,1021,294,Electronics,Spain,2024-11-04,2,85.11,10,153.2,PayPal,47,Standard
INV12559,1409,342,Sports,France,2024-03-10,9,40.44,10,327.56,PayPal,35,Platinum
INV12560,1894,343,Sports,UK,2024-07-21,4,66.27,0,265.08,Card,25,Gold
INV12561,1514,212,Books,Spain,2024-09-19,-1,22.39,15,-19.03,PayPal,43,Gold
INV12562,1126,312,Books,France,2024-02-15,3,99.2,5,282.72,PayPal,57,Standard
INV12563,1808,234,Electronics,UK,2024-09-21,1,74.94,10,67.45,Cash,32,Platinum
INV12564,1699,386,Fashion,France,2024-07-01,6,71.13,5,405.44,Cash,36,Silver
INV12565,1873,348,Fashion,UK,2024-02-12,-2,11.99,0,-23.98,Card,27,Standard
INV12566,1013,381,Books,UK,2024-07-06,-2,89.88,15,-152.8,Cash,41,Platinum
INV12567,1970,357,Sports,France,2024-09-16,3,50.49,0,151.47,Card,33,Silver
INV12568,1977,247,Books,France,2024-06-08,0,33.54,10,0.0,Bank Transfer,60,Platinum
INV12569,1011,234,Home,Germany,2024-01-13,4,57.91,20,185.31,PayPal,48,Silver
INV12570,1086,285,Home,UK,2024-11-29,-1,96.05,15,-81.64,Card,61,Gold
INV12571,1523,365,Electronics,France,2024-06-09,9,75.63,5,646.64,Cash,33,Gold
INV12572,1908,358,Sports,UK,2024-07-31,2,64.12,20,102.59,Bank Transfer,33,Platinum
INV12573,1536,351,Fashion,Germany,2024-02-13,-1,40.86,0,-40.86,Cash,45,Platinum
INV12574,1300,313,Books,UK,2024-05-09,8,8.42,0,67.36,Card,37,Silver
INV12575,1242,376,Electronics,UK,2024-05-09,0,30.53,15,0.0,Bank Transfer,52,Platinum
INV12576,1121,299,Fashion,Germany,2024-05-20,8,21.75,10,156.6,Cash,26,Platinum
INV12577,1146,359,Books,UK,2024-02-26,-1,22.59,5,-21.46,Bank Transfer,57,Silver
INV12578,1566,382,Fashion,UK,2024-12-12,-1,57.9,20,-46.32,PayPal,27,Silver
INV12579,1749,385,Home,UK,2024-07-04,2,47.29,5,89.85,PayPal,62,Gold
INV12580,1355,298,Home,UK,2024-08-14,9,84.57,5,723.07,Bank Transfer,35,Standard
INV12581,1684,202,Home,France,2024-12-30,2,48.58,20,77.73,Cash,62,Platinum
INV12582,1903,396,Sports,Spain,2024-07-03,0,88.61,20,0.0,Cash,62,Silver
INV12583,1732,284,Books,France,2024-12-16,3,97.81,20,234.74,Cash,32,Gold
INV12584,1630,324,Home,France,2024-01-01,9,26.84,15,205.33,PayPal,62,Standard
INV12585,1308,337,Sports,UK,2024-07-06,4,90.14,15,306.48,Card,47,Platinum
INV12586,1694,282,Home,Germany,2024-08-04,-1,42.74,0,-42.74,Card,65,Gold
INV12587,1287,224,Sports,UK,2024-12-20,-1,64.73,20,-51.78,Bank Transfer,49,Standard
INV12588,1306,267,Fashion,France,2024-09-03,-2,25.23,10,-45.41,Cash,57,Platinum
INV12589,1811,260,Books,UK,2024-01-03,1,81.1,0,81.1,Bank Transfer,44,Gold
INV12590,1593,228,Electronics,Spain,2024-04-25,3,50.01,5,142.53,Card,44,Platinum
INV12591,1965,326,Electronics,France,2024-07-17,1,52.67,5,50.04,Card,36,Standard
INV12592,1913,218,Home,UK,2024-02-23,8,93.7,15,637.16,Cash,27,Silver
INV12593,1722,370,Home,Spain,2024-06-01,-2,53.64,20,-85.82,Bank Transfer,61,Gold
INV12594,1661,393,Home,Germany,2024-05-13,-1,86.71,10,-78.04,Cash,63,Standard
INV12595,1548,273,Home,Germany,2024-09-04,3,76.62,20,183.89,Card,23,Platinum
INV12596,1351,260,Electronics,Germany,2024-10-16,6,62.23,0,373.38,Card,41,Standard
INV12597,1311,370,Home,Spain,2024-10-09,9,66.05,5,564.73,Cash,26,Standard
INV12598,1872,352,Books,Germany,2024-04-29,5,13.94,0,69.7,Bank Transfer,44,Silver
INV12599,1058,219,Home,Spain,2024-09-18,-2,93.99,5,-178.58,PayPal,24,Gold
INV12600,1642,247,Home,Spain,2024-07-15,0,12.7,10,0.0,Cash,23,Standard
INV12601,1923,286,Sports,France,2024-05-11,1,94.43,20,75.54,Card,50,Silver
INV12602,1713,351,Books,UK,2024-02-03,5,52.36,15,222.53,PayPal,38,Silver
INV12603,1754,338,Home,France,2024-04-03,1,37.45,5,35.58,Cash,63,Silver
INV12604,1034,309,Home,UK,2024-03-11,0,77.22,0,0.0,PayPal,55,Platinum
INV12605,1444,382,Fashion,France,2024-07-24,1,72.86,15,61.93,Cash,61,Silver
INV12606,1092,227,Electronics,France,2024-03-19,5,39.57,5,187.96,Card,34,Silver
INV12607,1949,396,Fashion,UK,2024-12-16,2,27.19,5,51.66,Cash,48,Silver
INV12608,1958,390,Home,UK,2024-01-09,7,54.92,20,307.55,PayPal,54,Silver
INV12609,1206,258,Electronics,Spain,2024-12-21,1,43.71,0,43.71,Bank Transfer,28,Gold
INV12610,1352,332,Home,France,2024-04-14,8,32.68,10,235.3,Card,45,Gold
INV12611,1902,250,Sports,Germany,2024-02-20,0,98.61,15,0.0,Card,22,Silver
INV12612,1331,348,Electronics,Spain,2024-12-05,4,12.49,5,47.46,PayPal,29,Standard
INV12613,1816,211,Sports,France,2024-05-12,3,89.85,10,242.59,Cash,20,Platinum
INV12614,1861,249,Fashion,UK,2024-09-05,2,46.49,5,88.33,Cash,58,Standard
INV12615,1724,331,Fashion,Spain,2024-11-22,5,36.0,10,162.0,Cash,55,Standard
INV12616,1158,312,Fashion,Spain,2024-08-27,3,94.38,20,226.51,Card,19,Silver
INV12617,1953,369,Home,Germany,2024-12-17,-1,26.78,0,-26.78,Card,43,Standard
INV12618,1956,365,Fashion,Germany,2024-03-21,9,33.83,10,274.02,PayPal,19,Gold
INV12619,1023,352,Sports,France,2024-05-02,4,80.26,0,321.04,Cash,29,Gold
INV12620,1403,213,Home,France,2024-10-31,6,17.4,10,93.96,Cash,57,Platinum
INV12621,1804,231,Fashion,UK,2024-09-18,2,65.59,0,131.18,PayPal,19,Gold
INV12622,1515,338,Sports,Germany,2024-01-25,8,44.63,15,303.48,Card,58,Gold
INV12623,1731,388,Books,France,2024-10-27,3,25.0,15,63.75,Card,33,Silver
INV12624,1363,345,Fashion,France,2024-04-06,1,90.13,0,90.13,Bank Transfer,47,Gold
INV12625,1381,354,Fashion,Spain,2024-02-23,8,29.18,0,233.44,Bank Transfer,64,Standard
INV12626,1531,254,Sports,France,2024-08-03,4,10.2,10,36.72,Cash,63,Standard
INV12627,1955,381,Sports,UK,2024-05-11,1,76.54,20,61.23,Card,69,Gold
INV12628,1151,319,Books,Germany,2024-04-20,7,50.82,20,284.59,Cash,53,Platinum
INV12629,1561,274,Home,Germany,2024-01-13,8,36.04,20,230.66,Card,21,Platinum
INV12630,1688,220,Home,Germany,2024-05-05,9,37.83,0,340.47,Bank Transfer,28,Platinum
INV12631,1946,371,Sports,France,2024-07-23,8,77.8,0,622.4,PayPal,41,Gold
INV12632,1607,332,Sports,France,2024-07-29,-2,66.89,0,-133.78,Card,35,Platinum
INV12633,1616,286,Sports,France,2024-03-23,7,85.39,20,478.18,Bank Transfer,44,Gold
INV12634,1419,368,Sports,France,2024-02-09,6,10.29,5,58.65,Bank Transfer,54,Standard
INV12635,1249,258,Sports,France,2024-06-15,-2,57.24,15,-97.31,Card,19,Platinum
INV12636,1116,288,Sports,France,2024-10-09,2,87.7,10,157.86,Cash,32,Platinum
INV12637,1865,381,Sports,France,2024-05-15,3,47.02,5,134.01,Card,28,Platinum
INV12638,1511,349,Electronics,Germany,2024-12-24,6,63.61,15,324.41,Bank Transfer,44,Standard
INV12639,1739,282,Books,France,2024-01-17,9,30.22,15,231.18,Card,66,Gold
INV12640,1577,264,Books,UK,2024-04-12,-1,36.23,0,-36.23,PayPal,65,Standard
INV12641,1334,263,Books,UK,2024-02-22,0,51.03,20,0.0,Cash,64,Standard
INV12642,1417,270,Electronics,Germany,2024-12-27,5,43.91,15,186.62,Card,40,Silver
INV12643,1931,203,Sports,France,2024-09-09,7,38.24,5,254.3,Bank Transfer,52,Platinum
INV12644,1773,392,Sports,UK,2024-02-19,-2,63.33,0,-126.66,Bank Transfer,69,Gold
INV12645,1294,342,Sports,Spain,2024-08-10,1,47.25,20,37.8,Cash,47,Gold
INV12646,1937,303,Books,Spain,2024-11-16,3,34.2,20,82.08,Card,64,Silver
INV12647,1754,349,Home,Spain,2024-12-23,3,89.22,20,214.13,Bank Transfer,41,Silver
INV12648,1370,374,Fashion,Germany,2024-02-24,2,30.2,0,60.4,Cash,36,Standard
INV12649,1185,292,Sports,Spain,2024-12-27,6,38.08,10,205.63,PayPal,46,Silver
INV12650,1245,373,Books,UK,2024-03-22,7,4.5,0,31.5,Cash,30,Gold
INV12651,1636,341,Electronics,France,2024-01-28,6,39.25,0,235.5,Card,65,Gold
INV12652,1267,377,Home,France,2024-02-23,0,28.83,20,0.0,Card,40,Gold
INV12653,1642,347,Sports,UK,2024-09-01,-1,55.53,5,-52.75,Bank Transfer,29,Standard
INV12654,1236,377,Books,Germany,2024-04-30,4,18.96,15,64.46,PayPal,66,Platinum
INV12655,1529,311,Sports,France,2024-08-07,0,81.41,5,0.0,Card,65,Platinum
INV12656,1551,360,Fashion,France,2024-04-03,9,92.0,20,662.4,Bank Transfer,58,Standard
INV12657,1020,318,Electronics,Spain,2024-09-14,2,45.42,15,77.21,Cash,46,Gold
INV12658,1910,258,Sports,France,2024-01-16,8,60.79,5,462.0,Cash,23,Gold
INV12659,1736,242,Books,Spain,2024-06-13,3,52.13,5,148.57,Card,68,Standard
INV12660,1866,211,Electronics,UK,2024-06-25,1,8.46,0,8.46,PayPal,40,Standard
INV12661,1793,239,Books,France,2024-09-15,-2,75.02,20,-120.03,Bank Transfer,48,Silver
INV12662,1519,317,Sports,France,2024-08-11,6,40.56,5,231.19,Card,62,Standard
INV12663,1099,219,Electronics,UK,2024-11-22,4,58.12,10,209.23,Bank Transfer,38,Platinum
INV12664,1751,365,Sports,Germany,2024-03-06,0,96.6,10,0.0,Cash,41,Standard
INV12665,1477,330,Fashion,Germany,2024-10-29,2,97.5,20,156.0,Bank Transfer,25,Gold
INV12666,1598,355,Electronics,Germany,2024-02-15,8,53.16,15,361.49,Cash,61,Gold
INV12667,1297,383,Electronics,Spain,2024-03-01,6,40.36,20,193.73,PayPal,26,Gold
INV12668,1939,289,Books,Germany,2024-08-17,6,79.62,20,382.18,PayPal,39,Platinum
INV12669,1525,293,Electronics,Germany,2024-06-26,4,12.39,5,47.08,Cash,21,Platinum
INV12670,1333,212,Home,Spain,2024-02-23,3,65.95,10,178.07,Card,30,Silver
INV12671,1001,265,Sports,Spain,2024-10-31,-1,22.6,15,-19.21,Cash,51,Standard
INV12672,1374,236,Fashion,Spain,2024-08-18,-1,39.42,5,-37.45,Bank Transfer,20,Silver
INV12673,1292,376,Sports,France,2024-03-09,-1,16.7,20,-13.36,Bank Transfer,54,Standard
INV12674,1836,265,Home,Germany,2024-01-11,6,5.65,10,30.51,Bank Transfer,45,Standard
INV12675,1933,235,Fashion,France,2024-12-10,1,73.42,5,69.75,Card,43,Platinum
INV12676,1552,381,Electronics,Germany,2024-11-11,-1,76.24,0,-76.24,PayPal,67,Gold
INV12677,1317,225,Sports,Spain,2024-08-28,6,98.78,5,563.05,PayPal,63,Standard
INV12678,1501,274,Fashion,France,2024-03-01,-2,84.32,5,-160.21,Bank Transfer,51,Platinum
INV12679,1827,399,Fashion,France,2024-10-13,6,69.47,10,375.14,Card,32,Silver
INV12680,1380,307,Sports,Germany,2024-05-26,4,61.9,10,222.84,Bank Transfer,25,Gold
INV12681,1622,367,Home,Spain,2024-04-10,9,96.54,5,825.42,PayPal,65,Silver
INV12682,1013,242,Home,UK,2024-10-24,8,56.16,0,449.28,Cash,52,Silver
INV12683,1503,349,Home,France,2024-05-12,1,56.56,5,53.73,Bank Transfer,41,Platinum
INV12684,1230,347,Books,UK,2024-08-08,-2,98.82,20,-158.11,Bank Transfer,69,Gold
INV12685,1984,207,Fashion,Germany,2024-06-07,3,65.26,15,166.41,Bank Transfer,69,Standard
INV12686,1083,228,Sports,Germany,2024-12-04,5,55.08,5,261.63,PayPal,54,Silver
INV12687,1129,239,Sports,Germany,2024-05-23,6,50.39,10,272.11,Card,21,Standard
INV12688,1742,357,Electronics,UK,2024-01-30,4,65.26,0,261.04,Cash,29,Gold
INV12689,1837,327,Home,Germany,2024-10-18,5,85.18,5,404.6,Cash,36,Platinum
INV12690,1144,283,Sports,UK,2024-07-30,7,24.53,15,145.95,Cash,32,Platinum
INV12691,1890,315,Electronics,Spain,2024-11-15,1,93.05,0,93.05,Bank Transfer,47,Platinum
INV12692,1856,382,Sports,Spain,2024-07-09,9,81.4,10,659.34,PayPal,62,Standard
INV12693,1027,343,Electronics,UK,2024-03-30,1,56.2,0,56.2,Cash,54,Standard
INV12694,1065,373,Electronics,Spain,2024-09-25,-1,17.58,10,-15.82,Bank Transfer,29,Gold
INV12695,1162,261,Fashion,Germany,2024-11-25,7,22.16,10,139.61,Card,36,Standard
INV12696,1228,206,Books,France,2024-04-05,5,43.44,10,195.48,Bank Transfer,51,Platinum
INV12697,1260,244,Electronics,UK,2024-10-14,0,96.53,5,0.0,Cash,24,Silver
INV12698,1448,386,Fashion,Germany,2024-06-30,8,88.97,0,711.76,Cash,45,Silver
INV12699,1423,383,Sports,Germany,2024-02-12,-1,92.83,15,-78.91,Card,45,Silver
INV12700,1459,375,Fashion,Spain,2024-08-04,8,31.61,20,202.3,PayPal,46,Platinum
INV12701,1951,354,Fashion,France,2024-05-18,1,60.96,15,51.82,Card,54,Standard
INV12702,1675,380,Home,France,2024-11-09,6,64.39,20,309.07,Card,37,Silver
INV12703,1300,287,Books,UK,2024-03-12,7,65.66,20,367.7,Cash,28,Standard
INV12704,1918,272,Electronics,Spain,2024-01-06,-2,23.33,20,-37.33,Cash,67,Standard
INV12705,1302,362,Fashion,UK,2024-03-13,4,86.29,15,293.39,PayPal,67,Platinum
INV12706,1286,378,Fashion,Spain,2024-03-10,9,85.9,15,657.14,Cash,56,Standard
INV12707,1394,236,Books,Germany,2024-09-20,9,15.8,20,113.76,Card,59,Standard
INV12708,1009,318,Home,UK,2024-09-26,7,67.76,5,450.6,Card,40,Platinum
INV12709,1706,256,Fashion,Germany,2024-01-01,2,99.01,15,168.32,PayPal,69,Gold
INV12710,1629,207,Home,UK,2024-09-12,9,16.57,10,134.22,Cash,63,Silver
INV12711,1269,294,Electronics,Germany,2024-03-30,4,28.33,15,96.32,Cash,37,Silver
INV12712,1591,316,Home,Spain,2024-02-10,5,93.77,10,421.96,Card,37,Standard
INV12713,1969,309,Sports,France,2024-11-14,2,55.44,10,99.79,Card,28,Gold
INV12714,1604,219,Electronics,Germany,2024-01-05,4,14.84,15,50.46,Cash,19,Platinum
INV12715,1777,323,Electronics,UK,2024-01-24,2,62.51,0,125.02,Bank Transfer,30,Standard
INV12716,1843,252,Fashion,Germany,2024-01-26,3,35.57,5,101.37,Card,30,Platinum
INV12717,1861,318,Fashion,France,2024-03-11,9,93.93,15,718.56,Card,58,Silver
INV12718,1360,211,Electronics,Spain,2024-09-08,1,72.51,15,61.63,Card,66,Platinum
INV12719,1256,376,Books,Germany,2024-03-14,7,64.62,15,384.49,PayPal,32,Silver
INV12720,1132,216,Electronics,UK,2024-10-19,-1,61.23,20,-48.98,Cash,48,Platinum
INV12721,1275,263,Electronics,Germany,2024-09-09,5,98.23,15,417.48,Cash,40,Platinum
INV12722,1775,241,Fashion,UK,2024-03-22,7,35.2,20,197.12,Cash,39,Gold
INV12723,1682,293,Books,Spain,2024-06-16,-2,69.92,0,-139.84,Card,33,Platinum
INV12724,1971,356,Electronics,Germany,2024-04-04,8,75.39,10,542.81,Cash,59,Standard
INV12725,1512,346,Home,France,2024-07-10,1,66.53,5,63.2,Cash,46,Gold
INV12726,1312,210,Fashion,France,2024-05-13,2,8.24,20,13.18,Cash,37,Standard
INV12727,1575,297,Home,UK,2024-11-14,-1,74.0,0,-74.0,PayPal,45,Platinum
INV12728,1885,377,Books,Germany,2024-09-23,3,74.76,5,213.07,PayPal,44,Platinum
INV12729,1979,270,Home,UK,2024-03-09,5,56.07,15,238.3,Card,61,Gold
INV12730,1283,307,Electronics,France,2024-11-26,3,19.72,20,47.33,Cash,46,Silver
INV12731,1120,257,Fashion,Germany,2024-12-17,1,71.34,5,67.77,Card,22,Gold
INV12732,1106,233,Sports,France,2024-02-02,9,24.65,0,221.85,Card,69,Silver
INV12733,1932,219,Fashion,Germany,2024-06-27,8,66.98,0,535.84,Card,66,Silver
INV12734,1686,249,Sports,UK,2024-02-04,-1,40.02,0,-40.02,Card,59,Platinum
INV12735,1996,301,Books,UK,2024-08-02,4,30.77,5,116.93,Card,55,Standard
INV12736,1203,337,Electronics,Spain,2024-03-02,4,91.62,10,329.83,Card,69,Gold
INV12737,1164,359,Home,UK,2024-02-19,2,33.55,5,63.74,PayPal,55,Gold
INV12738,1304,251,Electronics,Germany,2024-04-09,0,95.16,5,0.0,Bank Transfer,61,Platinum
INV12739,1496,214,Books,Germany,2024-11-21,1,77.78,5,73.89,PayPal,68,Platinum
INV12740,1631,283,Electronics,France,2024-07-05,4,45.79,20,146.53,Card,19,Gold
INV12741,1555,330,Sports,UK,2024-03-08,6,56.68,15,289.07,Bank Transfer,62,Gold
INV12742,1823,236,Home,UK,2024-07-25,-1,36.29,20,-29.03,Bank Transfer,37,Standard
INV12743,1155,325,Electronics,Germany,2024-02-21,5,75.2,5,357.2,Cash,60,Platinum
INV12744,1366,239,Fashion,UK,2024-10-04,1,57.12,0,57.12,Card,64,Standard
INV12745,1718,271,Sports,France,2024-11-22,0,95.98,15,0.0,Card,30,Platinum
INV12746,1901,239,Electronics,France,2024-01-12,7,36.23,15,215.57,PayPal,43,Platinum
INV12747,1619,255,Fashion,UK,2024-12-18,-2,38.72,10,-69.7,Bank Transfer,52,Standard
INV12748,1250,350,Sports,UK,2024-03-24,8,26.93,10,193.9,Bank Transfer,63,Silver
INV12749,1956,303,Books,France,2024-10-19,5,39.09,0,195.45,Card,25,Silver
INV12750,1915,338,Books,France,2024-07-28,-2,76.83,0,-153.66,Cash,45,Silver
INV12751,1881,309,Home,Spain,2024-06-28,7,60.79,20,340.42,Card,58,Platinum
INV12752,1333,391,Sports,Germany,2024-11-24,-1,56.23,10,-50.61,Bank Transfer,32,Standard
INV12753,1641,335,Books,France,2024-10-15,7,3.72,5,24.74,Cash,67,Silver
INV12754,1968,292,Books,Spain,2024-04-09,2,14.04,15,23.87,Cash,25,Gold
INV12755,1510,293,Books,Spain,2024-02-29,4,95.19,15,323.65,Bank Transfer,28,Silver
INV12756,1292,255,Books,France,2024-01-22,5,88.17,10,396.77,Card,46,Standard
INV12757,1019,259,Books,France,2024-09-23,5,59.87,0,299.35,Card,22,Platinum
INV12758,1281,337,Home,Spain,2024-06-08,-2,51.57,0,-103.14,Card,64,Standard
INV12759,1796,238,Electronics,Spain,2024-07-28,6,75.33,0,451.98,PayPal,64,Platinum
INV12760,1000,227,Home,UK,2024-08-06,3,53.1,0,159.3,PayPal,24,Standard
INV12761,1118,248,Electronics,UK,2024-11-30,8,84.9,0,679.2,Cash,35,Standard
INV12762,1034,363,Books,Spain,2024-06-18,-1,80.98,15,-68.83,Card,45,Gold
INV12763,1197,324,Sports,Germany,2024-03-24,3,71.0,20,170.4,PayPal,29,Silver
INV12764,1484,212,Books,Spain,2024-06-04,7,17.37,0,121.59,Cash,29,Silver
INV12765,1756,235,Sports,Germany,2024-03-15,9,45.86,15,350.83,Bank Transfer,53,Standard
INV12766,1058,300,Books,Germany,2024-10-25,3,39.64,15,101.08,Bank Transfer,46,Silver
INV12767,1836,225,Fashion,Spain,2024-01-30,7,92.2,15,548.59,Card,28,Gold
INV12768,1160,285,Home,Spain,2024-01-05,0,16.67,20,0.0,Bank Transfer,23,Standard
INV12769,1690,203,Books,Spain,2024-11-27,9,70.34,10,569.75,Bank Transfer,38,Silver
INV12770,1205,281,Fashion,Spain,2024-07-04,0,82.01,15,0.0,Bank Transfer,27,Silver
INV12771,1011,391,Electronics,France,2024-07-05,0,19.56,10,0.0,Cash,49,Platinum
INV12772,1489,365,Home,France,2024-12-14,7,92.8,15,552.16,Bank Transfer,64,Silver
INV12773,1275,326,Fashion,France,2024-04-09,1,39.46,10,35.51,Bank Transfer,50,Silver
INV12774,1692,287,Books,Spain,2024-06-15,8,98.71,10,710.71,Cash,34,Platinum
INV12775,1241,326,Electronics,France,2024-01-29,7,40.72,0,285.04,PayPal,20,Standard
INV12776,1215,319,Fashion,Germany,2024-05-23,9,35.14,0,316.26,Cash,60,Standard
INV12777,1250,221,Books,France,2024-06-21,-1,48.15,15,-40.93,PayPal,35,Gold
INV12778,1810,329,Home,France,2024-11-16,1,38.16,15,32.44,Cash,27,Platinum
INV12779,1125,230,Electronics,France,2024-04-09,9,8.82,15,67.47,Card,58,Standard
INV12780,1993,318,Electronics,France,2024-01-13,-1,48.16,10,-43.34,Bank Transfer,56,Silver
INV12781,1216,210,Home,Spain,2024-03-11,4,5.66,20,18.11,PayPal,60,Silver
INV12782,1305,245,Sports,Spain,2024-01-14,9,56.34,20,405.65,Cash,25,Silver
INV12783,1796,295,Sports,UK,2024-06-17,0,92.27,5,0.0,PayPal,51,Gold
INV12784,1184,389,Electronics,Germany,2024-06-06,5,81.19,5,385.65,PayPal,54,Standard
INV12785,1038,396,Home,Germany,2024-08-18,9,97.42,5,832.94,Bank Transfer,58,Platinum
INV12786,1222,391,Electronics,Spain,2024-10-12,9,4.58,5,39.16,PayPal,50,Standard
INV12787,1183,209,Fashion,UK,2024-03-27,1,52.63,20,42.1,Cash,66,Platinum
INV12788,1494,367,Home,UK,2024-05-12,2,33.8,0,67.6,Card,27,Platinum
INV12789,1426,327,Home,France,2024-05-29,0,9.31,0,0.0,Card,57,Standard
INV12790,1177,351,Sports,Spain,2024-04-15,-1,2.02,10,-1.82,Bank Transfer,35,Silver
INV12791,1918,298,Fashion,Spain,2024-10-04,8,46.21,0,369.68,Cash,42,Silver
INV12792,1427,371,Electronics,France,2024-06-18,0,40.77,20,0.0,Cash,59,Platinum
INV12793,1293,311,Fashion,Germany,2024-04-19,3,23.69,0,71.07,Card,58,Silver
INV12794,1851,259,Home,Spain,2024-03-26,2,85.35,0,170.7,Cash,53,Gold
INV12795,1150,389,Electronics,France,2024-07-24,4,67.33,0,269.32,PayPal,19,Gold
INV12796,1383,286,Books,Germany,2024-07-07,1,44.75,0,44.75,Bank Transfer,36,Platinum
INV12797,1637,344,Sports,Spain,2024-02-04,1,66.01,0,66.01,Card,27,Silver
INV12798,1812,264,Home,UK,2024-05-01,1,39.48,20,31.58,Bank Transfer,66,Platinum
INV12799,1307,256,Home,Spain,2024-11-10,-2,41.49,10,-74.68,PayPal,20,Gold
INV12800,1335,382,Sports,Germany,2024-07-20,6,60.97,20,292.66,Card,36,Gold
INV12801,1945,305,Electronics,UK,2024-10-26,4,89.09,0,356.36,Cash,68,Gold
INV12802,1745,380,Sports,Spain,2024-02-14,1,27.21,5,25.85,Cash,43,Standard
INV12803,1891,383,Home,Spain,2024-01-31,9,33.75,5,288.56,PayPal,68,Gold
INV12804,1374,208,Home,Spain,2024-08-30,2,81.85,10,147.33,Card,68,Silver
INV12805,1007,221,Electronics,Spain,2024-03-21,5,60.58,0,302.9,Bank Transfer,64,Standard
INV12806,1340,340,Sports,UK,2024-11-17,3,57.53,10,155.33,Card,42,Gold
INV12807,1128,288,Home,UK,2024-10-18,-2,37.4,5,-71.06,Cash,67,Silver
INV12808,1775,375,Sports,Germany,2024-11-05,3,83.04,5,236.66,Card,34,Gold
INV12809,1668,217,Books,France,2024-08-21,8,65.55,15,445.74,Card,27,Silver
INV12810,1351,314,Sports,Spain,2024-03-16,6,50.84,0,305.04,Cash,63,Silver
INV12811,1357,367,Books,Germany,2024-11-30,2,26.83,0,53.66,Cash,68,Gold
INV12812,1516,344,Fashion,Germany,2024-09-22,5,94.22,5,447.54,Bank Transfer,67,Gold
INV12813,1494,342,Sports,Germany,2024-03-03,6,2.58,0,15.48,Card,28,Standard
INV12814,1085,305,Fashion,Germany,2024-08-25,8,76.93,5,584.67,Cash,28,Gold
INV12815,1174,214,Home,France,2024-05-09,5,24.48,5,116.28,PayPal,29,Silver
INV12816,1801,262,Home,UK,2024-03-22,7,72.4,15,430.78,Cash,57,Platinum
INV12817,1192,366,Fashion,France,2024-05-23,-2,75.39,10,-135.7,Bank Transfer,65,Standard
INV12818,1310,212,Sports,Germany,2024-03-04,-1,18.77,0,-18.77,Bank Transfer,25,Silver
INV12819,1118,280,Electronics,UK,2024-11-12,1,72.44,15,61.57,PayPal,41,Silver
INV12820,1217,231,Electronics,France,2024-08-29,8,84.22,10,606.38,Bank Transfer,31,Platinum
INV12821,1426,336,Home,France,2024-05-31,9,78.64,10,636.98,Card,40,Gold
INV12822,1969,239,Books,France,2024-01-25,-1,87.56,0,-87.56,Bank Transfer,67,Silver
INV12823,1413,347,Books,UK,2024-01-19,1,48.59,10,43.73,PayPal,53,Platinum
INV12824,1113,281,Fashion,France,2024-12-25,-2,72.85,15,-123.84,Bank Transfer,34,Platinum
INV12825,1977,276,Home,UK,2024-07-28,8,50.34,15,342.31,PayPal,62,Gold
INV12826,1144,390,Electronics,Spain,2024-03-15,0,27.72,10,0.0,Bank Transfer,22,Platinum
INV12827,1537,275,Books,Spain,2024-08-10,3,36.94,5,105.28,Cash,20,Platinum
INV12828,1647,371,Sports,France,2024-09-24,2,80.7,0,161.4,PayPal,26,Platinum
INV12829,1302,237,Books,Spain,2024-08-08,3,38.98,15,99.4,Bank Transfer,37,Platinum
INV12830,1743,387,Books,Spain,2024-09-09,8,47.15,0,377.2,Card,67,Platinum
INV12831,1880,270,Fashion,France,2024-12-08,7,83.64,5,556.21,PayPal,37,Platinum
INV12832,1587,247,Electronics,Germany,2024-08-27,8,21.34,15,145.11,PayPal,68,Silver
INV12833,1986,217,Home,UK,2024-06-21,7,12.89,0,90.23,Bank Transfer,36,Standard
INV12834,1839,343,Home,Germany,2024-11-25,3,26.34,10,71.12,Cash,38,Gold
INV12835,1344,382,Fashion,Spain,2024-04-18,4,68.83,20,220.26,Cash,33,Standard
INV12836,1813,238,Electronics,France,2024-10-21,0,51.57,20,0.0,Bank Transfer,50,Gold
INV12837,1963,395,Books,France,2024-09-13,6,23.11,15,117.86,Bank Transfer,22,Standard
INV12838,1800,386,Home,Spain,2024-04-16,2,57.31,5,108.89,Card,41,Gold
INV12839,1000,288,Fashion,Germany,2024-09-07,0,10.95,15,0.0,Bank Transfer,32,Platinum
INV12840,1146,261,Sports,UK,2024-04-16,0,91.01,15,0.0,PayPal,43,Standard
INV12841,1286,340,Home,France,2024-09-08,0,44.67,5,0.0,Bank Transfer,61,Standard
INV12842,1975,308,Home,UK,2024-11-11,3,37.56,0,112.68,Card,42,Gold
INV12843,1653,280,Books,Spain,2024-03-14,9,59.19,15,452.8,Bank Transfer,45,Gold
INV12844,1052,333,Fashion,Spain,2024-02-08,7,34.92,20,195.55,Bank Transfer,50,Silver
INV12845,1303,276,Fashion,UK,2024-03-15,4,6.47,0,25.88,PayPal,63,Platinum
INV12846,1068,387,Sports,UK,2024-06-04,-2,83.15,15,-141.36,Cash,35,Platinum
INV12847,1360,289,Home,Spain,2024-02-27,-2,19.06,5,-36.21,Bank Transfer,35,Silver
INV12848,1601,213,Electronics,UK,2024-10-31,3,76.19,15,194.28,Card,55,Gold
INV12849,1957,294,Home,France,2024-10-31,0,34.54,15,0.0,Bank Transfer,50,Platinum
INV12850,1219,253,Sports,Spain,2024-05-05,3,11.78,15,30.04,Bank Transfer,44,Gold
INV12851,1961,331,Sports,Spain,2024-09-22,-1,52.08,20,-41.66,PayPal,66,Platinum
INV12852,1703,238,Sports,Spain,2024-03-02,1,8.64,5,8.21,Cash,67,Standard
INV12853,1965,271,Electronics,UK,2024-04-08,8,84.17,15,572.36,Cash,32,Standard
INV12854,1574,224,Electronics,France,2024-07-13,4,11.17,15,37.98,Cash,61,Platinum
INV12855,1584,276,Fashion,Spain,2024-11-30,7,4.42,20,24.75,Bank Transfer,30,Platinum
INV12856,1160,359,Electronics,Germany,2024-08-28,4,77.36,0,309.44,PayPal,69,Platinum
INV12857,1680,386,Electronics,France,2024-08-04,7,70.48,0,493.36,PayPal,51,Silver
INV12858,1088,390,Electronics,Germany,2024-11-21,4,69.38,0,277.52,Bank Transfer,21,Platinum
INV12859,1687,365,Fashion,France,2024-08-03,4,39.89,20,127.65,PayPal,52,Silver
INV12860,1780,319,Home,Germany,2024-12-06,-2,51.95,5,-98.7,Cash,36,Silver
INV12861,1584,252,Home,France,2024-12-05,0,8.88,15,0.0,PayPal,48,Standard
INV12862,1756,394,Electronics,Germany,2024-07-09,9,10.95,5,93.62,Bank Transfer,42,Platinum
INV12863,1588,355,Sports,UK,2024-02-18,9,98.8,10,800.28,Bank Transfer,57,Standard
INV12864,1158,330,Fashion,Germany,2024-10-08,0,28.78,15,0.0,Card,29,Standard
INV12865,1488,349,Sports,Spain,2024-01-31,4,24.55,20,78.56,Card,29,Silver
INV12866,1970,295,Home,Spain,2024-12-19,3,36.06,15,91.95,PayPal,59,Gold
INV12867,1323,365,Sports,UK,2024-07-18,-2,62.69,20,-100.3,PayPal,42,Silver
INV12868,1609,399,Fashion,UK,2024-06-25,8,46.01,5,349.68,Bank Transfer,50,Standard
INV12869,1380,271,Books,UK,2024-07-17,3,48.02,10,129.65,Card,54,Silver
INV12870,1101,261,Home,Spain,2024-12-17,9,5.12,10,41.47,Card,45,Silver
INV12871,1493,384,Books,Spain,2024-05-18,7,49.84,5,331.44,Cash,69,Silver
INV12872,1643,205,Fashion,Germany,2024-04-28,3,62.81,10,169.59,Cash,60,Platinum
INV12873,1613,231,Fashion,Spain,2024-05-15,-1,73.25,5,-69.59,Bank Transfer,26,Silver
INV12874,1018,298,Sports,Spain,2024-05-10,8,97.94,10,705.17,Bank Transfer,31,Standard
INV12875,1453,337,Electronics,Spain,2024-12-07,3,62.93,0,188.79,Bank Transfer,20,Silver
INV12876,1481,330,Electronics,France,2024-05-09,4,18.34,15,62.36,Bank Transfer,22,Platinum
INV12877,1593,386,Sports,France,2024-04-07,2,63.21,20,101.14,Card,43,Standard
INV12878,1396,275,Electronics,Germany,2024-09-03,4,48.96,0,195.84,Bank Transfer,58,Silver
INV12879,1278,376,Sports,UK,2024-11-01,6,96.36,5,549.25,Bank Transfer,35,Standard
INV12880,1850,258,Fashion,Spain,2024-10-17,5,53.38,0,266.9,Card,55,Platinum
INV12881,1364,230,Books,France,2024-09-11,4,62.83,10,226.19,Cash,38,Gold
INV12882,1330,292,Fashion,Spain,2024-02-29,4,45.96,5,174.65,Bank Transfer,56,Platinum
INV12883,1640,268,Home,Germany,2024-01-03,5,23.97,15,101.87,Cash,33,Platinum
INV12884,1343,389,Home,Spain,2024-08-06,3,70.28,20,168.67,Card,57,Standard
INV12885,1821,251,Home,France,2024-03-20,6,25.94,10,140.08,Cash,40,Standard
INV12886,1454,288,Fashion,France,2024-04-30,7,21.28,15,126.62,Card,46,Gold
INV12887,1600,326,Books,France,2024-08-28,2,2.74,5,5.21,Bank Transfer,27,Gold
INV12888,1724,368,Fashion,Germany,2024-10-03,4,87.97,15,299.1,Cash,22,Gold
INV12889,1654,230,Fashion,Germany,2024-08-29,-2,38.99,15,-66.28,Bank Transfer,28,Platinum
INV12890,1064,283,Sports,Spain,2024-01-31,4,54.71,0,218.84,PayPal,46,Platinum
INV12891,1075,326,Fashion,Spain,2024-07-03,7,39.35,0,275.45,PayPal,62,Gold
INV12892,1710,349,Fashion,Germany,2024-06-14,0,11.48,15,0.0,Cash,44,Gold
INV12893,1142,331,Home,France,2024-09-29,1,75.26,15,63.97,Card,69,Gold
INV12894,1916,212,Fashion,UK,2024-06-29,-1,20.63,0,-20.63,Cash,51,Silver
INV12895,1914,244,Fashion,Germany,2024-05-19,1,61.86,5,58.77,Card,31,Silver
INV12896,1827,326,Electronics,France,2024-11-05,6,83.6,20,401.28,PayPal,58,Gold
INV12897,1604,369,Books,France,2024-12-26,-1,55.21,10,-49.69,Card,59,Platinum
INV12898,1472,313,Books,France,2024-07-14,7,39.27,10,247.4,PayPal,27,Standard
INV12899,1416,376,Electronics,Spain,2024-04-17,0,19.76,0,0.0,Cash,59,Platinum
INV12900,1304,219,Electronics,Spain,2024-12-17,-1,58.13,15,-49.41,Bank Transfer,68,Standard
INV12901,1735,280,Books,UK,2024-08-21,6,10.28,0,61.68,Bank Transfer,28,Gold
INV12902,1496,381,Sports,UK,2024-07-08,5,56.64,20,226.56,Bank Transfer,28,Silver
INV12903,1290,363,Home,UK,2024-08-10,6,4.36,5,24.85,Card,52,Silver
INV12904,1939,328,Sports,UK,2024-02-03,9,55.52,20,399.74,Bank Transfer,36,Standard
INV12905,1101,342,Electronics,Germany,2024-04-02,8,56.33,0,450.64,Card,41,Gold
INV12906,1985,216,Books,Germany,2024-10-19,1,36.57,15,31.08,Bank Transfer,18,Silver
INV12907,1266,351,Fashion,UK,2024-10-30,9,44.85,0,403.65,Card,29,Gold
INV12908,1866,257,Sports,France,2024-01-28,1,78.47,0,78.47,Card,64,Gold
INV12909,1967,271,Books,Spain,2024-05-26,2,96.13,10,173.03,PayPal,31,Standard
INV12910,1621,308,Fashion,UK,2024-03-27,9,30.41,5,260.01,PayPal,20,Gold
INV12911,1973,222,Home,France,2024-10-11,5,75.21,20,300.84,Cash,69,Gold
INV12912,1841,373,Books,Germany,2024-04-01,-1,15.53,0,-15.53,PayPal,62,Standard
INV12913,1961,271,Home,Spain,2024-07-30,8,26.83,15,182.44,Card,67,Silver
INV12914,1941,207,Fashion,Germany,2024-10-06,-1,83.21,15,-70.73,PayPal,49,Platinum
INV12915,1776,258,Electronics,Germany,2024-12-05,8,37.35,10,268.92,PayPal,33,Gold
INV12916,1002,310,Home,Germany,2024-11-07,7,17.39,5,115.64,PayPal,55,Standard
INV12917,1084,386,Electronics,Spain,2024-10-06,5,53.68,15,228.14,Card,27,Silver
INV12918,1793,212,Home,Germany,2024-10-18,3,58.24,15,148.51,Card,34,Gold
INV12919,1327,366,Electronics,Spain,2024-08-16,1,81.2,20,64.96,Cash,66,Platinum
INV12920,1815,355,Fashion,UK,2024-01-21,-2,70.33,0,-140.66,PayPal,57,Silver
INV12921,1449,388,Sports,France,2024-10-14,2,83.34,10,150.01,PayPal,21,Standard
INV12922,1453,215,Home,UK,2024-07-31,9,67.65,20,487.08,Card,32,Gold
INV12923,1923,318,Sports,Germany,2024-05-26,3,5.55,10,14.98,Cash,50,Standard
INV12924,1628,201,Books,France,2024-10-09,-1,72.05,10,-64.84,Cash,56,Platinum
INV12925,1220,344,Fashion,UK,2024-12-05,9,70.31,0,632.79,Card,27,Platinum
INV12926,1153,229,Fashion,Germany,2024-12-23,7,59.73,0,418.11,PayPal,24,Standard
INV12927,1664,302,Fashion,UK,2024-07-01,0,83.58,10,0.0,Cash,50,Gold
INV12928,1011,212,Books,France,2024-07-29,4,20.43,20,65.38,Cash,34,Standard
INV12929,1132,295,Electronics,Spain,2024-09-14,0,32.63,5,0.0,PayPal,29,Silver
INV12930,1993,293,Sports,Germany,2024-05-15,0,64.92,15,0.0,Cash,34,Standard
INV12931,1303,281,Home,Germany,2024-05-28,6,99.2,0,595.2,PayPal,64,Platinum
INV12932,1292,212,Fashion,Germany,2024-08-08,-2,36.54,20,-58.46,Cash,33,Gold
INV12933,1974,370,Fashion,UK,2024-04-23,3,29.83,15,76.07,Cash,31,Gold
INV12934,1299,293,Electronics,UK,2024-03-26,-1,22.5,5,-21.38,Card,20,Platinum
INV12935,1739,348,Books,UK,2024-05-11,4,38.98,20,124.74,Cash,68,Platinum
INV12936,1782,311,Sports,Germany,2024-01-07,7,13.99,0,97.93,PayPal,61,Silver
INV12937,1042,254,Fashion,France,2024-01-31,4,70.07,10,252.25,Cash,68,Platinum
INV12938,1943,280,Sports,Germany,2024-06-04,1,45.49,10,40.94,Card,67,Platinum
INV12939,1342,367,Books,Germany,2024-04-15,9,54.66,5,467.34,Cash,47,Platinum
INV12940,1325,315,Books,Germany,2024-04-05,4,95.05,5,361.19,Bank Transfer,63,Gold
INV12941,1813,342,Electronics,Germany,2024-09-28,5,61.95,10,278.78,PayPal,69,Platinum
INV12942,1497,379,Home,France,2024-04-23,0,18.52,15,0.0,Bank Transfer,58,Standard
INV12943,1363,307,Electronics,France,2024-01-30,7,9.74,20,54.54,Card,52,Standard
INV12944,1890,252,Home,Germany,2024-02-06,4,51.57,5,195.97,Bank Transfer,43,Gold
INV12945,1426,327,Fashion,France,2024-01-14,9,82.35,5,704.09,Cash,29,Silver
INV12946,1020,379,Books,Germany,2024-06-17,4,51.67,10,186.01,PayPal,48,Silver
INV12947,1406,357,Fashion,Germany,2024-11-16,5,63.89,10,287.5,Bank Transfer,69,Gold
INV12948,1618,360,Home,France,2024-05-30,1,50.91,5,48.36,Cash,34,Standard
INV12949,1335,256,Sports,Germany,2024-04-13,0,30.65,0,0.0,Bank Transfer,54,Gold
INV12950,1814,251,Fashion,France,2024-10-21,0,84.61,0,0.0,Cash,25,Platinum
INV12951,1116,336,Electronics,France,2024-09-21,8,19.84,20,126.98,Cash,36,Gold
INV12952,1123,381,Sports,France,2024-12-05,6,44.72,0,268.32,Bank Transfer,43,Silver
INV12953,1398,310,Sports,Germany,2024-09-19,1,51.19,10,46.07,Card,21,Standard
INV12954,1792,200,Fashion,France,2024-05-25,5,98.73,5,468.97,PayPal,32,Silver
INV12955,1803,243,Sports,Germany,2024-12-05,-1,88.55,20,-70.84,Card,68,Silver
INV12956,1714,274,Books,UK,2024-06-26,4,82.12,0,328.48,Bank Transfer,64,Standard
INV12957,1050,297,Sports,Spain,2024-10-24,-2,44.38,5,-84.32,Cash,31,Platinum
INV12958,1782,208,Home,France,2024-04-06,8,18.6,5,141.36,Bank Transfer,47,Standard
INV12959,1323,231,Sports,Germany,2024-07-12,3,59.24,15,151.06,Cash,65,Standard
INV12960,1788,214,Fashion,Spain,2024-05-14,9,57.61,0,518.49,Cash,59,Gold
INV12961,1140,339,Fashion,UK,2024-02-28,0,70.45,20,0.0,Card,41,Standard
INV12962,1469,384,Electronics,Spain,2024-12-25,8,62.12,5,472.11,Card,63,Gold
INV12963,1786,335,Sports,Spain,2024-01-23,8,28.43,5,216.07,Bank Transfer,69,Silver
INV12964,1801,271,Books,UK,2024-11-02,2,90.7,15,154.19,PayPal,60,Standard
INV12965,1333,354,Books,Germany,2024-06-14,7,3.72,0,26.04,Card,51,Platinum
INV12966,1892,389,Sports,UK,2024-03-13,2,23.0,5,43.7,Cash,36,Gold
INV12967,1963,211,Electronics,France,2024-08-26,9,44.91,10,363.77,Bank Transfer,20,Gold
INV12968,1372,264,Fashion,UK,2024-02-21,7,78.54,15,467.31,Bank Transfer,21,Platinum
INV12969,1563,306,Books,Spain,2024-10-30,0,28.26,5,0.0,PayPal,28,Gold
INV12970,1493,241,Books,UK,2024-08-09,8,64.55,5,490.58,Bank Transfer,30,Gold
INV12971,1538,389,Home,Spain,2024-08-08,2,20.74,10,37.33,Card,67,Platinum
INV12972,1668,314,Fashion,UK,2024-10-24,-1,17.86,15,-15.18,Cash,35,Silver
INV12973,1750,338,Home,France,2024-04-12,-2,21.97,0,-43.94,Bank Transfer,36,Standard
INV12974,1155,302,Books,France,2024-06-26,-1,81.89,20,-65.51,Bank Transfer,61,Standard
INV12975,1290,370,Fashion,France,2024-11-22,9,72.68,0,654.12,Cash,50,Standard
INV12976,1647,294,Sports,France,2024-09-19,2,77.65,15,132.0,Bank Transfer,55,Standard
INV12977,1143,216,Home,France,2024-03-25,-2,25.05,0,-50.1,Bank Transfer,20,Standard
INV12978,1105,359,Electronics,France,2024-05-24,1,78.8,20,63.04,PayPal,66,Standard
INV12979,1419,284,Sports,UK,2024-05-05,0,12.84,15,0.0,Card,52,Gold
INV12980,1669,367,Home,Spain,2024-06-18,4,46.02,5,174.88,Bank Transfer,18,Standard
INV12981,1657,350,Electronics,Spain,2024-11-27,6,30.61,10,165.29,Card,52,Gold
INV12982,1001,255,Home,France,2024-04-28,7,62.2,20,348.32,PayPal,53,Platinum
INV12983,1944,333,Books,Germany,2024-07-07,6,15.83,10,85.48,Card,55,Silver
INV12984,1588,285,Fashion,Spain,2024-04-24,9,92.34,5,789.51,PayPal,56,Gold
INV12985,1643,377,Electronics,UK,2024-04-17,5,38.38,5,182.3,Card,42,Silver
INV12986,1089,301,Electronics,Germany,2024-03-30,2,29.33,5,55.73,Card,57,Platinum
INV12987,1344,364,Home,Spain,2024-05-05,8,10.0,15,68.0,Bank Transfer,30,Standard
INV12988,1349,391,Fashion,Spain,2024-10-23,0,93.54,0,0.0,Card,21,Silver
INV12989,1458,253,Sports,Germany,2024-02-02,4,24.51,5,93.14,Bank Transfer,23,Silver
INV12990,1262,399,Sports,UK,2024-06-16,5,98.28,20,393.12,Bank Transfer,28,Platinum
INV12991,1350,376,Electronics,UK,2024-06-01,7,33.21,5,220.85,Card,18,Platinum
INV12992,1107,314,Sports,Germany,2024-09-09,2,8.36,5,15.88,Bank Transfer,25,Platinum
INV12993,1585,338,Home,Spain,2024-09-19,6,8.61,15,43.91,Card,51,Gold
INV12994,1038,287,Books,Spain,2024-06-22,8,96.21,10,692.71,Cash,57,Gold
INV12995,1908,248,Home,France,2024-07-24,8,35.57,15,241.88,Bank Transfer,69,Silver
INV12996,1158,348,Electronics,Germany,2024-03-24,1,34.57,10,31.11,Cash,26,Platinum
INV12997,1582,314,Electronics,Germany,2024-09-14,3,16.57,0,49.71,Cash,53,Silver
INV12998,1958,393,Electronics,UK,2024-02-09,1,44.0,0,44.0,Bank Transfer,66,Standard
INV12999,1311,262,Sports,Germany,2024-01-15,3,93.11,15,237.43,PayPal,56,Platinum
INV13000,1240,303,Fashion,Germany,2024-08-22,3,81.3,0,243.9,PayPal,59,Gold
INV13001,1937,282,Fashion,France,2024-11-09,0,93.57,0,0.0,Cash,54,Platinum
INV13002,1444,302,Sports,Spain,2024-01-08,6,61.74,5,351.92,Cash,59,Silver
INV13003,1297,355,Books,UK,2024-08-31,6,12.01,20,57.65,Card,61,Gold
INV13004,1951,216,Home,UK,2024-10-31,2,94.24,20,150.78,Cash,38,Standard
INV13005,1035,205,Fashion,France,2024-05-05,6,48.89,15,249.34,Bank Transfer,37,Standard
INV13006,1083,346,Fashion,Germany,2024-12-02,1,84.17,15,71.54,PayPal,55,Silver
INV13007,1451,383,Fashion,UK,2024-05-11,8,90.59,20,579.78,PayPal,18,Platinum
INV13008,1885,227,Electronics,UK,2024-07-08,6,40.64,0,243.84,PayPal,52,Standard
INV13009,1774,393,Home,UK,2024-01-15,1,89.75,0,89.75,Bank Transfer,45,Silver
INV13010,1821,237,Books,Spain,2024-04-05,6,26.14,15,133.31,Card,24,Gold
INV13011,1384,318,Fashion,Spain,2024-07-27,3,99.36,20,238.46,Bank Transfer,60,Gold
INV13012,1171,236,Home,UK,2024-03-11,2,50.42,0,100.84,Bank Transfer,61,Silver
INV13013,1375,314,Books,France,2024-04-26,-1,53.84,5,-51.15,PayPal,26,Platinum
INV13014,1684,267,Fashion,Spain,2024-11-07,1,77.51,20,62.01,Bank Transfer,18,Platinum
INV13015,1361,376,Electronics,France,2024-01-05,3,96.1,0,288.3,Cash,53,Platinum
INV13016,1558,242,Sports,UK,2024-01-03,5,55.25,15,234.81,Bank Transfer,51,Platinum
INV13017,1890,363,Home,Spain,2024-05-11,4,68.68,15,233.51,PayPal,51,Silver
INV13018,1140,257,Home,Germany,2024-07-20,6,58.97,15,300.75,PayPal,34,Silver
INV13019,1886,212,Fashion,France,2024-05-31,9,45.93,5,392.7,Bank Transfer,49,Gold
INV13020,1917,251,Home,France,2024-07-31,-2,73.64,5,-139.92,Cash,19,Gold
INV13021,1117,257,Home,UK,2024-04-21,2,28.0,15,47.6,Cash,53,Platinum
INV13022,1276,231,Fashion,UK,2024-09-17,-2,79.89,20,-127.82,PayPal,42,Standard
INV13023,1725,304,Fashion,Spain,2024-01-16,4,84.38,15,286.89,Cash,60,Standard
INV13024,1219,387,Home,UK,2024-03-12,2,84.16,5,159.9,Cash,68,Gold
INV13025,1904,282,Fashion,UK,2024-11-27,-2,16.36,5,-31.08,Card,43,Gold
INV13026,1025,385,Home,UK,2024-06-11,6,9.33,15,47.58,Card,62,Silver
INV13027,1520,298,Electronics,UK,2024-02-14,8,38.08,10,274.18,Cash,43,Gold
INV13028,1782,303,Books,France,2024-04-11,7,72.09,10,454.17,Cash,38,Gold
INV13029,1009,383,Books,France,2024-07-20,8,95.17,5,723.29,Card,35,Platinum
INV13030,1983,227,Electronics,Spain,2024-04-03,2,98.99,10,178.18,Card,46,Standard
INV13031,1377,328,Books,France,2024-04-02,4,64.14,20,205.25,Card,68,Standard
INV13032,1632,369,Home,Spain,2024-05-17,6,64.68,5,368.68,PayPal,41,Silver
INV13033,1636,247,Books,Germany,2024-10-27,9,86.01,10,696.68,PayPal,64,Standard
INV13034,1681,239,Electronics,Germany,2024-05-03,2,95.91,15,163.05,Card,45,Platinum
INV13035,1583,296,Books,Germany,2024-04-21,8,36.06,10,259.63,Card,29,Platinum
INV13036,1151,390,Electronics,UK,2024-12-17,6,57.65,5,328.6,Card,28,Silver
INV13037,1719,399,Sports,France,2024-12-03,7,98.89,15,588.4,PayPal,44,Gold
INV13038,1048,313,Electronics,France,2024-07-25,7,50.1,0,350.7,PayPal,40,Gold
INV13039,1153,331,Electronics,UK,2024-07-21,6,14.46,15,73.75,Cash,50,Platinum
INV13040,1858,365,Fashion,UK,2024-08-28,6,57.81,0,346.86,Bank Transfer,33,Silver
INV13041,1292,354,Books,France,2024-05-02,2,13.32,15,22.64,Cash,45,Platinum
INV13042,1579,336,Books,Germany,2024-07-04,0,23.05,10,0.0,Bank Transfer,45,Standard
INV13043,1049,310,Fashion,Spain,2024-07-28,-2,77.79,20,-124.46,Bank Transfer,62,Standard
INV13044,1663,343,Electronics,UK,2024-08-07,1,95.11,15,80.84,Bank Transfer,55,Platinum
INV13045,1530,383,Books,France,2024-07-30,7,7.86,5,52.27,Cash,23,Gold
INV13046,1611,275,Electronics,UK,2024-08-19,3,60.86,10,164.32,PayPal,59,Standard
INV13047,1059,230,Fashion,France,2024-05-14,9,52.53,15,401.85,PayPal,46,Silver
INV13048,1166,318,Books,UK,2024-07-25,2,42.9,10,77.22,PayPal,51,Gold
INV13049,1201,341,Home,France,2024-05-01,4,73.98,0,295.92,PayPal,20,Standard
INV13050,1856,224,Books,UK,2024-01-11,1,36.43,10,32.79,Cash,23,Platinum
INV13051,1145,233,Electronics,Spain,2024-05-17,5,61.67,15,262.1,Card,65,Gold
INV13052,1914,266,Books,Spain,2024-10-20,-1,84.18,20,-67.34,Bank Transfer,55,Gold
INV13053,1675,351,Books,Spain,2024-02-22,5,64.89,10,292.0,PayPal,30,Standard
INV13054,1969,317,Books,Germany,2024-05-03,-2,19.68,0,-39.36,PayPal,53,Silver
INV13055,1992,272,Sports,Spain,2024-05-13,3,71.48,15,182.27,Cash,32,Standard
INV13056,1438,225,Electronics,UK,2024-11-22,-2,4.26,10,-7.67,Bank Transfer,23,Standard
INV13057,1241,347,Sports,Spain,2024-11-11,9,72.97,15,558.22,PayPal,50,Standard
INV13058,1580,391,Electronics,Germany,2024-09-21,9,85.9,20,618.48,Card,58,Standard
INV13059,1686,303,Sports,France,2024-08-24,3,63.44,10,171.29,PayPal,29,Standard
INV13060,1560,209,Sports,Spain,2024-01-19,0,36.25,5,0.0,Bank Transfer,60,Platinum
INV13061,1482,266,Books,UK,2024-02-06,5,3.99,10,17.96,Card,30,Standard
INV13062,1107,351,Sports,UK,2024-11-06,6,45.03,5,256.67,Cash,50,Silver
INV13063,1225,204,Home,France,2024-06-13,5,83.74,0,418.7,Card,68,Gold
INV13064,1672,394,Electronics,France,2024-02-04,6,9.64,0,57.84,Bank Transfer,45,Platinum
INV13065,1630,385,Sports,Spain,2024-08-19,7,57.25,15,340.64,Bank Transfer,53,Silver
INV13066,1660,226,Books,Spain,2024-08-01,8,25.75,20,164.8,Card,22,Standard
INV13067,1976,312,Home,Spain,2024-04-18,5,91.14,0,455.7,PayPal,42,Silver
INV13068,1661,214,Fashion,Germany,2024-12-12,2,91.92,10,165.46,Bank Transfer,34,Gold
INV13069,1431,362,Fashion,UK,2024-10-22,7,63.85,5,424.6,Card,54,Silver
INV13070,1804,304,Books,UK,2024-03-02,7,22.41,5,149.03,Bank Transfer,36,Standard
INV13071,1654,380,Books,Germany,2024-03-09,3,88.17,0,264.51,PayPal,52,Gold
INV13072,1418,243,Electronics,France,2024-06-17,-2,46.09,15,-78.35,PayPal,60,Standard
INV13073,1987,225,Sports,France,2024-08-02,-2,52.33,15,-88.96,Card,51,Standard
INV13074,1454,374,Sports,UK,2024-12-24,0,80.04,10,0.0,Cash,63,Platinum
INV13075,1159,361,Sports,Spain,2024-05-20,-1,37.83,10,-34.05,Cash,23,Gold
INV13076,1522,294,Electronics,France,2024-07-23,7,92.15,10,580.55,PayPal,36,Gold
INV13077,1649,377,Fashion,France,2024-09-14,9,86.36,5,738.38,Cash,18,Standard
INV13078,1968,283,Sports,Spain,2024-09-16,0,99.06,10,0.0,PayPal,24,Silver
INV13079,1589,339,Sports,France,2024-03-26,6,36.86,0,221.16,Cash,51,Gold
INV13080,1076,331,Electronics,France,2024-01-22,4,47.4,15,161.16,PayPal,36,Silver
INV13081,1508,286,Home,Germany,2024-08-24,1,94.29,5,89.58,Bank Transfer,50,Silver
INV13082,1440,375,Fashion,Spain,2024-10-11,9,79.64,15,609.25,Card,43,Gold
INV13083,1253,382,Sports,UK,2024-01-07,2,52.39,20,83.82,Card,58,Silver
INV13084,1920,311,Sports,France,2024-03-31,6,48.71,5,277.65,Cash,66,Gold
INV13085,1769,328,Electronics,Spain,2024-08-16,0,20.87,20,0.0,Card,59,Platinum
INV13086,1319,288,Home,France,2024-12-01,0,43.09,0,0.0,Cash,44,Gold
INV13087,1802,265,Home,France,2024-05-30,9,33.16,15,253.67,PayPal,55,Gold
INV13088,1262,357,Sports,Spain,2024-11-30,6,36.71,10,198.23,Bank Transfer,43,Gold
INV13089,1596,330,Books,France,2024-02-11,4,94.3,5,358.34,Card,52,Platinum
INV13090,1657,321,Sports,Spain,2024-12-15,1,89.6,10,80.64,Bank Transfer,37,Silver
INV13091,1834,348,Books,Germany,2024-05-20,5,4.06,5,19.28,Card,41,Platinum
INV13092,1553,283,Books,UK,2024-11-20,3,91.15,5,259.78,PayPal,64,Silver
INV13093,1373,376,Books,Spain,2024-10-05,2,93.62,20,149.79,Card,38,Gold
INV13094,1636,315,Electronics,France,2024-10-10,2,12.42,15,21.11,Card,43,Gold
INV13095,1166,389,Electronics,Germany,2024-07-27,8,28.39,10,204.41,PayPal,37,Platinum
INV13096,1936,315,Electronics,Germany,2024-03-21,6,66.56,10,359.42,Cash,23,Platinum
INV13097,1752,237,Books,France,2024-05-17,4,65.49,0,261.96,Cash,20,Platinum
INV13098,1458,342,Fashion,Germany,2024-11-23,5,52.68,5,250.23,PayPal,27,Platinum
INV13099,1998,309,Sports,Spain,2024-08-09,0,79.12,0,0.0,Cash,29,Gold
INV13100,1279,379,Books,France,2024-11-20,2,12.25,0,24.5,Card,50,Gold
INV13101,1699,245,Electronics,Germany,2024-01-13,8,58.39,10,420.41,Bank Transfer,39,Standard
INV13102,1301,224,Sports,UK,2024-08-12,8,15.21,5,115.6,PayPal,33,Platinum
INV13103,1530,220,Electronics,UK,2024-04-22,1,8.63,15,7.34,Card,34,Platinum
INV13104,1579,320,Books,France,2024-03-27,2,33.68,15,57.26,PayPal,27,Silver
INV13105,1217,321,Sports,UK,2024-04-22,7,26.08,15,155.18,Bank Transfer,29,Silver
INV13106,1101,332,Electronics,France,2024-09-11,1,47.93,0,47.93,Card,36,Gold
INV13107,1553,269,Home,Germany,2024-07-25,9,16.52,10,133.81,Card,57,Standard
INV13108,1287,312,Books,Spain,2024-04-12,3,70.54,10,190.46,Bank Transfer,40,Platinum
INV13109,1166,306,Fashion,Spain,2024-08-29,6,19.93,0,119.58,Bank Transfer,57,Standard
INV13110,1620,311,Electronics,Spain,2024-08-10,5,66.39,20,265.56,Cash,27,Standard
INV13111,1035,307,Home,UK,2024-04-17,8,48.98,10,352.66,Card,27,Gold
INV13112,1743,246,Home,Germany,2024-07-21,-2,5.23,0,-10.46,Bank Transfer,67,Standard
INV13113,1740,395,Electronics,UK,2024-08-19,7,74.66,20,418.1,Bank Transfer,27,Platinum
INV13114,1352,290,Books,Germany,2024-04-30,-1,60.3,20,-48.24,Card,56,Gold
INV13115,1675,217,Books,UK,2024-10-23,9,87.88,5,751.37,Cash,47,Standard
INV13116,1898,348,Home,UK,2024-02-22,7,41.04,10,258.55,PayPal,21,Gold
INV13117,1072,303,Fashion,Germany,2024-07-27,1,26.85,20,21.48,Cash,18,Gold
INV13118,1647,350,Electronics,Germany,2024-06-03,1,34.32,15,29.17,Bank Transfer,60,Silver
INV13119,1352,391,Home,Germany,2024-01-19,0,28.74,20,0.0,PayPal,36,Gold
INV13120,1890,394,Home,Germany,2024-05-21,9,46.4,5,396.72,PayPal,22,Standard
INV13121,1069,239,Fashion,UK,2024-12-28,9,67.29,0,605.61,Cash,47,Silver
INV13122,1424,337,Books,France,2024-02-27,9,5.52,15,42.23,PayPal,43,Platinum
INV13123,1998,288,Sports,Germany,2024-07-08,5,55.62,5,264.19,Bank Transfer,57,Platinum
INV13124,1707,379,Sports,Spain,2024-07-30,7,68.05,15,404.9,Card,51,Platinum
INV13125,1780,399,Fashion,France,2024-10-06,3,91.3,20,219.12,Card,19,Platinum
INV13126,1560,260,Books,France,2024-04-02,4,84.27,15,286.52,Card,41,Platinum
INV13127,1827,391,Books,Germany,2024-07-14,5,42.52,5,201.97,Cash,31,Standard
INV13128,1641,204,Sports,UK,2024-09-28,-2,20.92,5,-39.75,Card,58,Gold
INV13129,1955,321,Sports,UK,2024-07-11,2,67.42,10,121.36,Card,59,Silver
INV13130,1516,380,Home,France,2024-11-24,3,93.97,15,239.62,Card,30,Gold
INV13131,1427,254,Electronics,Germany,2024-06-13,0,14.62,15,0.0,PayPal,46,Gold
INV13132,1538,236,Electronics,France,2024-04-04,-1,7.54,0,-7.54,PayPal,18,Standard
INV13133,1159,255,Home,Spain,2024-12-18,6,91.35,15,465.88,PayPal,63,Standard
INV13134,1148,386,Books,Spain,2024-03-25,1,77.27,20,61.82,Bank Transfer,51,Standard
INV13135,1775,301,Books,Spain,2024-07-19,5,40.01,15,170.04,Bank Transfer,21,Silver
INV13136,1229,292,Electronics,Germany,2024-01-29,-2,5.48,20,-8.77,Bank Transfer,45,Standard
INV13137,1711,396,Sports,Germany,2024-04-18,8,21.65,5,164.54,Card,36,Gold
INV13138,1561,272,Fashion,Spain,2024-06-16,9,81.44,20,586.37,PayPal,18,Silver
INV13139,1066,258,Electronics,UK,2024-11-10,-2,42.94,5,-81.59,Bank Transfer,53,Standard
INV13140,1811,201,Fashion,Spain,2024-10-09,-1,6.56,5,-6.23,Cash,60,Standard
INV13141,1380,392,Electronics,Spain,2024-12-15,3,37.59,10,101.49,PayPal,30,Standard
INV13142,1057,303,Sports,France,2024-12-08,5,97.32,0,486.6,Card,67,Gold
INV13143,1258,387,Electronics,Germany,2024-07-28,3,41.84,15,106.69,PayPal,59,Standard
INV13144,1341,250,Electronics,Germany,2024-02-04,1,81.44,5,77.37,Card,22,Gold
INV13145,1837,229,Fashion,Spain,2024-12-29,-2,44.71,0,-89.42,Bank Transfer,50,Silver
INV13146,1129,210,Fashion,France,2024-04-11,5,24.31,10,109.4,Card,31,Standard
INV13147,1726,307,Electronics,UK,2024-01-29,1,83.75,20,67.0,Card,33,Platinum
INV13148,1171,275,Fashion,France,2024-05-26,6,72.7,15,370.77,Cash,49,Platinum
INV13149,1769,366,Electronics,Spain,2024-10-31,5,89.92,20,359.68,PayPal,67,Gold
INV13150,1613,289,Sports,France,2024-05-29,-2,88.18,20,-141.09,Card,44,Standard
INV13151,1208,322,Fashion,Spain,2024-04-06,2,73.71,20,117.94,Cash,52,Standard
INV13152,1802,399,Books,Spain,2024-10-17,4,98.39,15,334.53,Cash,20,Platinum
INV13153,1353,390,Electronics,Germany,2024-02-05,5,15.85,0,79.25,Cash,21,Silver
INV13154,1470,391,Fashion,Spain,2024-11-24,3,10.07,15,25.68,Bank Transfer,24,Silver
INV13155,1797,388,Fashion,Spain,2024-11-05,4,66.7,0,266.8,Bank Transfer,30,Gold
INV13156,1115,324,Home,Spain,2024-10-03,8,5.72,0,45.76,Card,58,Platinum
INV13157,1263,381,Sports,Spain,2024-02-08,-2,19.39,15,-32.96,PayPal,20,Gold
INV13158,1661,321,Electronics,UK,2024-09-12,2,38.06,5,72.31,Bank Transfer,34,Gold
INV13159,1811,293,Electronics,Germany,2024-02-20,5,48.02,20,192.08,Bank Transfer,64,Silver
INV13160,1441,302,Sports,Spain,2024-04-10,9,97.11,5,830.29,Card,27,Platinum
INV13161,1547,385,Books,UK,2024-08-08,8,6.34,10,45.65,Card,64,Gold
INV13162,1452,383,Books,Spain,2024-09-05,9,21.04,0,189.36,Bank Transfer,18,Silver
INV13163,1844,361,Electronics,Germany,2024-03-17,-1,67.49,5,-64.12,Card,45,Silver
INV13164,1476,230,Books,France,2024-04-16,6,24.35,15,124.19,Cash,27,Standard
INV13165,1286,251,Sports,UK,2024-01-21,-2,58.83,0,-117.66,Card,24,Platinum
INV13166,1302,288,Fashion,UK,2024-02-26,5,22.52,20,90.08,Cash,56,Platinum
INV13167,1310,275,Sports,France,2024-06-04,4,36.26,20,116.03,Bank Transfer,20,Standard
INV13168,1207,328,Books,Spain,2024-09-16,4,69.62,10,250.63,PayPal,24,Gold
INV13169,1617,382,Sports,Germany,2024-12-14,-2,88.34,5,-167.85,Cash,26,Silver
INV13170,1445,221,Fashion,UK,2024-02-19,6,20.38,20,97.82,PayPal,57,Silver
INV13171,1669,239,Home,Germany,2024-01-30,4,75.03,15,255.1,Bank Transfer,52,Silver
INV13172,1632,300,Electronics,Germany,2024-10-05,8,18.87,15,128.32,Card,43,Standard
INV13173,1054,310,Sports,Spain,2024-09-21,-1,86.52,5,-82.19,Cash,22,Silver
INV13174,1911,328,Electronics,Spain,2024-03-29,8,31.96,20,204.54,Cash,30,Gold
INV13175,1011,264,Sports,France,2024-02-11,2,55.76,10,100.37,Bank Transfer,62,Gold
INV13176,1656,390,Books,France,2024-09-02,5,17.25,20,69.0,Bank Transfer,47,Standard
INV13177,1399,381,Electronics,Germany,2024-12-04,0,69.13,10,0.0,Card,57,Gold
INV13178,1907,369,Fashion,Spain,2024-09-13,8,6.21,5,47.2,PayPal,67,Platinum
INV13179,1647,348,Fashion,France,2024-06-09,3,10.59,10,28.59,Cash,56,Platinum
INV13180,1979,278,Books,France,2024-03-08,0,41.59,10,0.0,PayPal,27,Silver
INV13181,1514,221,Books,Spain,2024-10-12,-2,56.23,0,-112.46,Cash,59,Silver
INV13182,1655,365,Home,Spain,2024-05-26,7,7.81,15,46.47,Cash,40,Platinum
INV13183,1541,298,Home,Germany,2024-01-06,6,64.34,15,328.13,Card,28,Gold
INV13184,1236,207,Fashion,France,2024-07-20,7,43.13,0,301.91,Cash,29,Standard
INV13185,1278,389,Fashion,Germany,2024-02-19,7,52.44,15,312.02,Cash,30,Silver
INV13186,1347,374,Sports,Spain,2024-08-12,-2,33.81,5,-64.24,Bank Transfer,57,Silver
INV13187,1626,216,Sports,Germany,2024-12-11,1,65.72,20,52.58,Card,66,Platinum
INV13188,1103,216,Books,UK,2024-10-11,3,35.21,15,89.79,Bank Transfer,63,Platinum
INV13189,1629,289,Fashion,Spain,2024-03-24,-2,74.24,15,-126.21,Cash,66,Standard
INV13190,1516,340,Home,UK,2024-10-20,6,66.47,15,339.0,Card,68,Silver
INV13191,1979,344,Home,Spain,2024-02-08,5,42.03,0,210.15,Cash,33,Gold
INV13192,1871,365,Books,Spain,2024-03-28,-1,39.65,20,-31.72,Card,26,Gold
INV13193,1247,280,Electronics,UK,2024-11-29,-2,77.23,10,-139.01,PayPal,69,Platinum
INV13194,1363,277,Electronics,Germany,2024-02-09,6,80.14,10,432.76,PayPal,27,Standard
INV13195,1320,372,Fashion,France,2024-11-18,7,7.81,20,43.74,Card,46,Platinum
INV13196,1632,205,Books,France,2024-09-05,3,65.31,20,156.74,Cash,26,Standard
INV13197,1285,362,Sports,UK,2024-05-16,-2,3.19,20,-5.1,Card,50,Gold
INV13198,1148,309,Electronics,Germany,2024-05-01,6,18.56,10,100.22,Cash,41,Standard
INV13199,1083,213,Sports,France,2024-10-29,6,7.77,0,46.62,PayPal,52,Gold
INV13200,1965,271,Sports,France,2024-04-20,1,48.41,10,43.57,Cash,28,Standard
INV13201,1405,388,Books,Germany,2024-01-12,7,73.86,10,465.32,Bank Transfer,56,Platinum
INV13202,1977,342,Fashion,France,2024-02-22,1,23.37,10,21.03,PayPal,67,Gold
INV13203,1455,253,Books,Germany,2024-10-19,7,76.68,15,456.25,Bank Transfer,30,Silver
INV13204,1742,226,Electronics,UK,2024-05-28,4,73.76,5,280.29,PayPal,40,Silver
INV13205,1799,212,Home,Spain,2024-05-08,9,70.23,15,537.26,PayPal,42,Gold
INV13206,1160,358,Sports,Germany,2024-03-21,1,69.39,5,65.92,Bank Transfer,67,Silver
INV13207,1783,362,Home,UK,2024-06-19,9,85.74,15,655.91,Card,33,Gold
INV13208,1459,259,Fashion,Spain,2024-12-12,1,10.07,15,8.56,Cash,65,Platinum
INV13209,1549,205,Electronics,UK,2024-02-02,9,80.84,15,618.43,PayPal,38,Platinum
INV13210,1499,396,Electronics,France,2024-12-30,2,83.44,0,166.88,Cash,27,Standard
INV13211,1737,257,Home,UK,2024-08-05,5,88.72,15,377.06,PayPal,58,Silver
INV13212,1508,248,Books,France,2024-02-29,1,38.74,0,38.74,Cash,57,Silver
INV13213,1653,350,Electronics,UK,2024-04-23,-1,18.04,15,-15.33,PayPal,36,Silver
INV13214,1803,361,Books,UK,2024-11-10,4,37.61,0,150.44,Card,52,Gold
INV13215,1480,225,Fashion,Spain,2024-06-24,3,76.96,0,230.88,PayPal,45,Platinum
INV13216,1662,246,Books,UK,2024-04-01,6,33.74,10,182.2,Card,58,Silver
INV13217,1113,204,Sports,UK,2024-09-03,-1,17.4,15,-14.79,PayPal,19,Standard
INV13218,1748,219,Home,Germany,2024-07-18,5,87.37,15,371.32,Cash,68,Silver
INV13219,1577,333,Fashion,France,2024-01-20,0,95.01,5,0.0,Bank Transfer,47,Standard
INV13220,1360,397,Home,UK,2024-05-02,9,39.29,20,282.89,PayPal,57,Silver
INV13221,1340,258,Electronics,UK,2024-10-16,2,57.7,15,98.09,PayPal,67,Silver
INV13222,1769,391,Books,France,2024-07-26,6,76.39,10,412.51,Card,57,Platinum
INV13223,1986,345,Home,Spain,2024-12-12,1,90.72,0,90.72,Cash,22,Standard
INV13224,1760,331,Home,UK,2024-11-10,1,58.44,10,52.6,Card,55,Silver
INV13225,1968,216,Fashion,UK,2024-02-06,7,75.46,10,475.4,Cash,59,Standard
INV13226,1448,213,Books,UK,2024-10-14,5,13.11,15,55.72,Cash,32,Standard
INV13227,1842,212,Books,France,2024-09-26,-1,51.82,5,-49.23,Card,53,Platinum
INV13228,1834,334,Books,Spain,2024-03-01,9,14.74,10,119.39,Bank Transfer,20,Platinum
INV13229,1179,327,Electronics,Germany,2024-07-30,4,86.25,0,345.0,Cash,41,Standard
INV13230,1701,243,Books,UK,2024-10-29,6,42.26,20,202.85,Bank Transfer,58,Platinum
INV13231,1406,318,Sports,Germany,2024-08-01,-1,90.84,15,-77.21,Card,65,Silver
INV13232,1665,342,Electronics,France,2024-08-12,3,16.64,20,39.94,Bank Transfer,65,Silver
INV13233,1195,218,Home,Spain,2024-10-15,-2,34.51,15,-58.67,Cash,64,Platinum
INV13234,1465,262,Books,France,2024-10-15,6,81.73,10,441.34,Card,58,Standard
INV13235,1310,362,Fashion,France,2024-07-11,5,2.46,0,12.3,Bank Transfer,66,Silver
INV13236,1261,280,Home,Spain,2024-09-04,0,93.51,15,0.0,Card,29,Gold
INV13237,1418,362,Fashion,Spain,2024-12-29,-1,78.43,0,-78.43,Card,25,Standard
INV13238,1405,346,Books,Germany,2024-03-10,-2,34.82,0,-69.64,Bank Transfer,31,Standard
INV13239,1938,347,Home,UK,2024-01-10,3,85.84,5,244.64,Cash,35,Gold
INV13240,1142,299,Electronics,UK,2024-01-19,0,10.72,10,0.0,Cash,61,Gold
INV13241,1341,362,Home,Spain,2024-05-20,1,28.02,0,28.02,Cash,63,Standard
INV13242,1315,359,Sports,UK,2024-10-30,0,13.45,20,0.0,Cash,37,Gold
INV13243,1100,321,Books,Spain,2024-12-19,8,83.95,15,570.86,PayPal,40,Platinum
INV13244,1243,375,Sports,France,2024-04-18,4,53.42,20,170.94,Card,22,Platinum
INV13245,1489,243,Electronics,Germany,2024-04-30,3,29.23,0,87.69,Card,18,Standard
INV13246,1011,303,Fashion,UK,2024-11-06,6,66.31,10,358.07,PayPal,62,Platinum
INV13247,1238,351,Fashion,Spain,2024-02-21,1,83.25,10,74.92,Card,63,Silver
INV13248,1560,260,Home,Spain,2024-12-22,5,67.51,15,286.92,Card,19,Platinum
INV13249,1041,324,Home,Germany,2024-11-27,9,99.47,20,716.18,Bank Transfer,33,Platinum
INV13250,1677,344,Fashion,Germany,2024-07-07,5,7.75,15,32.94,PayPal,22,Gold
INV13251,1593,270,Sports,UK,2024-08-26,4,34.74,5,132.01,Card,39,Platinum
INV13252,1428,306,Sports,Germany,2024-04-24,2,46.58,0,93.16,Card,18,Standard
INV13253,1802,249,Fashion,UK,2024-09-12,8,22.36,20,143.1,PayPal,29,Platinum
INV13254,1157,264,Home,Germany,2024-04-15,2,73.83,15,125.51,PayPal,36,Platinum
INV13255,1215,298,Books,Spain,2024-12-15,3,23.56,15,60.08,Bank Transfer,39,Standard
INV13256,1669,231,Sports,Germany,2024-03-21,8,49.69,0,397.52,Bank Transfer,59,Standard
INV13257,1461,363,Home,UK,2024-10-20,6,80.09,5,456.51,Cash,61,Gold
INV13258,1133,340,Sports,France,2024-10-22,7,32.38,10,203.99,Cash,68,Silver
INV13259,1066,397,Fashion,France,2024-12-21,7,80.74,10,508.66,Bank Transfer,65,Platinum
INV13260,1847,257,Home,France,2024-09-19,1,50.04,20,40.03,Card,34,Silver
INV13261,1006,327,Books,Germany,2024-04-02,-2,84.9,20,-135.84,PayPal,30,Gold
INV13262,1947,341,Sports,Spain,2024-08-24,0,79.13,10,0.0,Bank Transfer,56,Standard
INV13263,1525,364,Fashion,Spain,2024-05-09,0,96.19,10,0.0,Cash,45,Standard
INV13264,1072,311,Electronics,Spain,2024-03-21,-1,4.91,0,-4.91,PayPal,20,Standard
INV13265,1398,267,Electronics,France,2024-10-14,0,78.13,20,0.0,Cash,22,Gold
INV13266,1404,239,Home,France,2024-03-26,9,66.75,0,600.75,Card,53,Platinum
INV13267,1674,386,Books,UK,2024-11-16,8,69.01,20,441.66,Card,32,Gold
INV13268,1577,343,Home,Germany,2024-07-30,0,62.57,20,0.0,Cash,34,Standard
INV13269,1858,389,Home,Germany,2024-08-24,1,15.89,0,15.89,PayPal,61,Platinum
INV13270,1129,331,Books,Spain,2024-02-13,3,47.5,0,142.5,Cash,63,Standard
INV13271,1930,372,Electronics,UK,2024-07-04,4,27.42,5,104.2,PayPal,46,Standard
INV13272,1465,289,Fashion,Germany,2024-03-15,3,85.53,0,256.59,Bank Transfer,21,Gold
INV13273,1205,227,Electronics,Germany,2024-06-30,4,27.99,20,89.57,Cash,49,Gold
INV13274,1787,295,Fashion,Germany,2024-01-21,0,82.83,5,0.0,Cash,66,Silver
INV13275,1977,393,Home,Spain,2024-04-10,5,95.74,0,478.7,PayPal,60,Standard
INV13276,1767,230,Books,Germany,2024-12-25,4,3.61,5,13.72,Bank Transfer,55,Platinum
INV13277,1265,202,Home,France,2024-08-28,5,98.21,10,441.94,PayPal,21,Standard
INV13278,1536,335,Books,UK,2024-11-13,3,5.0,10,13.5,PayPal,30,Platinum
INV13279,1961,223,Home,France,2024-02-21,6,85.06,15,433.81,Cash,37,Silver
INV13280,1792,214,Home,France,2024-02-23,-2,51.01,15,-86.72,Cash,64,Standard
INV13281,1252,370,Fashion,Spain,2024-03-21,4,78.17,5,297.05,PayPal,35,Platinum
INV13282,1821,358,Home,Germany,2024-03-07,1,32.32,0,32.32,Card,66,Platinum
INV13283,1288,244,Electronics,France,2024-10-06,2,68.81,10,123.86,Card,68,Silver
INV13284,1163,393,Sports,Spain,2024-07-25,9,56.24,10,455.54,Card,59,Gold
INV13285,1094,207,Books,Germany,2024-02-10,6,23.31,5,132.87,Cash,54,Silver
INV13286,1781,270,Books,UK,2024-04-23,3,59.87,20,143.69,Cash,29,Platinum
INV13287,1832,307,Books,UK,2024-06-29,3,28.21,20,67.7,Bank Transfer,42,Silver
INV13288,1109,314,Electronics,Germany,2024-02-23,-2,70.67,10,-127.21,Cash,47,Gold
INV13289,1335,302,Books,UK,2024-01-27,2,95.35,10,171.63,Bank Transfer,32,Standard
INV13290,1821,324,Sports,Germany,2024-08-29,5,46.22,20,184.88,Cash,53,Silver
INV13291,1237,256,Electronics,Germany,2024-04-04,4,17.64,0,70.56,Card,25,Silver
INV13292,1380,229,Electronics,Spain,2024-02-04,8,88.85,10,639.72,Card,45,Standard
INV13293,1435,345,Sports,Germany,2024-02-25,-1,44.47,5,-42.25,PayPal,69,Silver
INV13294,1898,313,Sports,Spain,2024-05-25,-2,55.21,5,-104.9,PayPal,39,Gold
INV13295,1482,396,Fashion,Spain,2024-07-18,6,9.87,20,47.38,Bank Transfer,66,Platinum
INV13296,1936,316,Fashion,Spain,2024-08-18,0,83.41,5,0.0,Bank Transfer,55,Silver
INV13297,1901,366,Books,France,2024-01-21,8,27.12,10,195.26,PayPal,33,Standard
INV13298,1024,259,Home,France,2024-04-09,2,26.72,15,45.42,Bank Transfer,22,Standard
INV13299,1652,297,Sports,UK,2024-08-27,8,17.79,20,113.86,Cash,63,Silver
INV13300,1116,370,Home,Spain,2024-05-21,-2,29.3,15,-49.81,Card,51,Standard
INV13301,1481,325,Electronics,France,2024-08-26,4,62.57,0,250.28,PayPal,66,Platinum
INV13302,1391,372,Sports,UK,2024-05-10,7,64.98,15,386.63,PayPal,55,Platinum
INV13303,1916,350,Electronics,UK,2024-09-22,6,34.55,0,207.3,Cash,28,Standard
INV13304,1993,396,Books,Germany,2024-08-20,5,94.27,20,377.08,Bank Transfer,19,Silver
INV13305,1963,293,Books,Spain,2024-06-05,-2,87.22,10,-157.0,PayPal,42,Silver
INV13306,1536,333,Electronics,France,2024-05-22,2,5.04,10,9.07,PayPal,42,Standard
INV13307,1078,383,Books,Germany,2024-08-15,1,39.72,10,35.75,Cash,18,Platinum
INV13308,1579,321,Sports,UK,2024-05-19,-1,94.89,20,-75.91,Card,48,Platinum
INV13309,1172,307,Sports,Spain,2024-10-25,-1,16.67,5,-15.84,PayPal,22,Silver
INV13310,1955,203,Electronics,France,2024-02-29,-2,19.53,5,-37.11,PayPal,57,Platinum
INV13311,1011,292,Home,France,2024-01-16,0,89.06,0,0.0,Cash,21,Gold
INV13312,1799,350,Home,Spain,2024-09-19,-1,31.16,5,-29.6,PayPal,68,Platinum
INV13313,1127,205,Fashion,Germany,2024-10-22,4,90.73,20,290.34,PayPal,22,Silver
INV13314,1607,231,Electronics,France,2024-01-22,5,19.33,20,77.32,Card,22,Platinum
INV13315,1091,305,Fashion,Germany,2024-05-08,7,8.29,0,58.03,PayPal,33,Platinum
INV13316,1652,345,Home,Spain,2024-08-18,1,67.64,5,64.26,Cash,35,Standard
INV13317,1542,214,Books,France,2024-03-19,4,67.84,10,244.22,Card,60,Gold
INV13318,1845,367,Electronics,Germany,2024-07-09,-2,3.37,10,-6.07,Card,34,Standard
INV13319,1531,321,Fashion,France,2024-07-11,1,81.96,20,65.57,Card,52,Platinum
INV13320,1657,295,Home,France,2024-06-27,3,74.25,20,178.2,Bank Transfer,35,Platinum
INV13321,1988,205,Home,Germany,2024-12-11,8,12.37,10,89.06,Cash,21,Standard
INV13322,1827,311,Books,Germany,2024-08-12,9,58.3,0,524.7,Bank Transfer,68,Gold
INV13323,1446,319,Electronics,UK,2024-06-13,4,15.56,10,56.02,PayPal,48,Silver
INV13324,1389,322,Fashion,Germany,2024-08-28,4,92.34,15,313.96,Card,48,Standard
INV13325,1671,390,Home,Spain,2024-02-20,4,90.15,5,342.57,Bank Transfer,26,Platinum
INV13326,1860,266,Sports,France,2024-02-18,-1,91.44,0,-91.44,PayPal,48,Platinum
INV13327,1042,305,Electronics,Spain,2024-04-12,9,51.63,10,418.2,Bank Transfer,22,Silver
INV13328,1253,338,Fashion,France,2024-07-18,1,65.15,5,61.89,Card,53,Platinum
INV13329,1129,242,Electronics,Germany,2024-03-30,9,27.38,15,209.46,PayPal,33,Platinum
INV13330,1059,344,Home,Spain,2024-04-13,-1,88.39,20,-70.71,Card,59,Silver
INV13331,1662,295,Books,France,2024-02-12,2,20.75,20,33.2,Card,58,Platinum
INV13332,1466,331,Electronics,Germany,2024-12-25,1,54.56,15,46.38,Bank Transfer,33,Platinum
INV13333,1286,390,Home,UK,2024-04-05,4,9.89,10,35.6,Cash,37,Gold
INV13334,1516,395,Sports,France,2024-04-01,3,65.11,10,175.8,PayPal,47,Standard
INV13335,1466,280,Home,UK,2024-05-03,9,53.25,5,455.29,PayPal,43,Gold
INV13336,1929,240,Fashion,Germany,2024-01-13,1,65.91,20,52.73,Cash,66,Gold
INV13337,1777,332,Fashion,Germany,2024-10-29,4,11.53,0,46.12,PayPal,48,Platinum
INV13338,1344,359,Books,Germany,2024-10-20,2,53.65,20,85.84,Bank Transfer,67,Standard
INV13339,1641,397,Electronics,France,2024-06-21,9,65.43,10,529.98,PayPal,32,Standard
INV13340,1381,234,Sports,Spain,2024-07-14,-2,86.15,5,-163.68,Bank Transfer,69,Platinum
INV13341,1778,221,Books,Spain,2024-12-02,4,9.25,10,33.3,PayPal,58,Gold
INV13342,1689,392,Fashion,France,2024-05-31,7,65.11,20,364.62,Bank Transfer,55,Gold
INV13343,1252,349,Home,Spain,2024-05-25,-1,61.57,20,-49.26,Cash,55,Gold
INV13344,1926,311,Sports,UK,2024-07-24,8,12.22,20,78.21,PayPal,60,Standard
INV13345,1055,210,Home,UK,2024-09-16,9,21.01,15,160.73,Bank Transfer,37,Platinum
INV13346,1462,202,Sports,France,2024-02-27,1,52.58,0,52.58,Card,52,Standard
INV13347,1456,336,Books,Germany,2024-01-04,8,46.12,15,313.62,Card,40,Gold
INV13348,1982,259,Electronics,UK,2024-02-11,2,57.45,15,97.66,Card,61,Standard
INV13349,1082,275,Sports,Germany,2024-12-01,2,96.3,15,163.71,PayPal,64,Standard
INV13350,1904,286,Books,UK,2024-11-29,2,98.19,15,166.92,Bank Transfer,56,Platinum
INV13351,1098,213,Books,Germany,2024-03-22,2,33.12,20,52.99,Card,42,Platinum
INV13352,1148,217,Books,UK,2024-09-15,-1,5.86,0,-5.86,PayPal,67,Standard
INV13353,1328,312,Sports,France,2024-09-27,7,24.06,15,143.16,Bank Transfer,39,Silver
INV13354,1155,272,Sports,France,2024-10-16,4,51.51,15,175.13,Card,64,Platinum
INV13355,1189,222,Fashion,Spain,2024-07-09,9,42.23,10,342.06,Card,25,Silver
INV13356,1493,282,Fashion,Germany,2024-07-20,8,91.11,10,655.99,PayPal,26,Platinum
INV13357,1882,324,Home,Spain,2024-06-08,9,44.94,15,343.79,Bank Transfer,32,Gold
INV13358,1262,374,Fashion,UK,2024-11-12,0,23.11,5,0.0,PayPal,65,Silver
INV13359,1079,268,Sports,Germany,2024-07-23,3,89.74,15,228.84,Card,37,Gold
INV13360,1399,246,Electronics,France,2024-01-16,8,80.3,5,610.28,PayPal,52,Gold
INV13361,1763,315,Sports,Spain,2024-10-26,2,30.01,15,51.02,PayPal,54,Standard
INV13362,1608,229,Sports,France,2024-09-24,0,12.6,15,0.0,Card,20,Gold
INV13363,1259,224,Sports,France,2024-02-03,6,35.5,10,191.7,Card,51,Gold
INV13364,1771,355,Sports,Germany,2024-10-21,3,98.19,15,250.38,Bank Transfer,51,Gold
INV13365,1614,311,Fashion,UK,2024-12-03,8,54.86,10,394.99,Bank Transfer,53,Gold
INV13366,1551,224,Sports,Germany,2024-05-07,7,29.05,20,162.68,Card,52,Standard
INV13367,1784,273,Fashion,Germany,2024-12-22,-1,68.47,5,-65.05,Card,26,Standard
INV13368,1100,257,Home,France,2024-12-27,6,93.07,5,530.5,Cash,47,Gold
INV13369,1358,293,Fashion,UK,2024-08-31,0,25.55,20,0.0,Cash,43,Silver
INV13370,1379,318,Home,UK,2024-02-27,8,52.64,15,357.95,Bank Transfer,29,Platinum
INV13371,1819,326,Electronics,Spain,2024-02-28,6,39.57,5,225.55,PayPal,41,Silver
INV13372,1220,368,Fashion,Germany,2024-04-25,-2,34.65,15,-58.9,Card,58,Gold
INV13373,1819,224,Home,Spain,2024-05-22,7,93.97,20,526.23,Card,36,Standard
INV13374,1419,277,Electronics,Germany,2024-11-01,2,53.23,5,101.14,PayPal,61,Gold
INV13375,1123,298,Books,Germany,2024-08-24,9,20.05,10,162.41,Bank Transfer,33,Gold
INV13376,1421,315,Home,UK,2024-08-12,-1,68.11,0,-68.11,Cash,43,Standard
INV13377,1230,247,Electronics,Spain,2024-10-06,8,80.61,10,580.39,Bank Transfer,40,Silver
INV13378,1689,209,Sports,France,2024-09-03,6,95.08,0,570.48,PayPal,50,Platinum
INV13379,1062,298,Home,Spain,2024-02-29,4,46.72,20,149.5,Card,59,Gold
INV13380,1484,210,Fashion,UK,2024-12-07,5,47.72,10,214.74,Cash,47,Standard
INV13381,1627,284,Fashion,UK,2024-09-27,-1,61.62,10,-55.46,PayPal,40,Platinum
INV13382,1702,348,Books,Germany,2024-12-04,2,20.64,10,37.15,Card,27,Platinum
INV13383,1573,372,Fashion,Germany,2024-06-19,7,83.47,20,467.43,Bank Transfer,53,Platinum
INV13384,1767,334,Sports,Germany,2024-04-20,0,95.94,5,0.0,Cash,48,Standard
INV13385,1482,391,Sports,France,2024-06-03,1,35.02,15,29.77,Card,60,Gold
INV13386,1518,325,Sports,Germany,2024-07-29,2,53.6,10,96.48,Card,39,Standard
INV13387,1154,263,Fashion,Germany,2024-08-14,3,75.1,20,180.24,Card,60,Gold
INV13388,1091,201,Fashion,UK,2024-02-12,9,34.94,0,314.46,Card,60,Silver
INV13389,1981,275,Electronics,Spain,2024-05-11,6,99.21,5,565.5,Card,55,Platinum
INV13390,1525,320,Sports,Spain,2024-12-19,2,42.48,0,84.96,Bank Transfer,64,Gold
INV13391,1454,241,Electronics,France,2024-11-11,9,73.86,5,631.5,PayPal,19,Silver
INV13392,1740,253,Sports,Germany,2024-12-24,-1,95.03,20,-76.02,Cash,40,Standard
INV13393,1597,274,Books,France,2024-03-20,4,53.51,15,181.93,Bank Transfer,52,Platinum
INV13394,1644,215,Fashion,Germany,2024-05-14,8,79.73,0,637.84,Cash,54,Gold
INV13395,1509,217,Sports,Germany,2024-03-16,6,95.2,15,485.52,Card,49,Platinum
INV13396,1182,386,Electronics,Spain,2024-04-12,2,95.42,20,152.67,PayPal,60,Platinum
INV13397,1385,289,Fashion,Germany,2024-01-09,-2,15.73,20,-25.17,Card,29,Platinum
INV13398,1573,343,Electronics,Spain,2024-06-01,4,6.16,10,22.18,Bank Transfer,52,Standard
INV13399,1730,205,Electronics,Spain,2024-03-21,5,16.26,15,69.1,Bank Transfer,58,Platinum
INV13400,1404,384,Sports,UK,2024-04-16,3,22.66,10,61.18,Cash,20,Gold
INV13401,1245,307,Books,Spain,2024-12-01,6,99.16,10,535.46,Card,51,Standard
INV13402,1741,374,Electronics,Spain,2024-10-16,5,43.3,20,173.2,Card,55,Silver
INV13403,1590,247,Electronics,Spain,2024-07-18,9,42.82,10,346.84,PayPal,41,Gold
INV13404,1660,241,Sports,Germany,2024-10-09,9,35.68,15,272.95,PayPal,55,Standard
INV13405,1649,275,Fashion,Germany,2024-02-16,3,25.02,0,75.06,Card,34,Gold
INV13406,1470,387,Books,Germany,2024-05-24,8,95.24,20,609.54,Cash,57,Gold
INV13407,1825,276,Electronics,France,2024-06-13,8,86.09,0,688.72,PayPal,18,Silver
INV13408,1887,331,Electronics,France,2024-11-06,5,42.59,5,202.3,Card,25,Standard
INV13409,1422,329,Home,UK,2024-11-29,4,96.36,20,308.35,Card,32,Platinum
INV13410,1900,258,Electronics,Germany,2024-02-26,5,82.84,20,331.36,Card,67,Gold
INV13411,1064,354,Books,France,2024-04-11,8,78.78,10,567.22,Bank Transfer,62,Gold
INV13412,1012,226,Fashion,France,2024-08-31,9,19.36,5,165.53,Cash,42,Gold
INV13413,1212,278,Electronics,UK,2024-11-09,0,4.58,5,0.0,Card,25,Gold
INV13414,1985,271,Books,UK,2024-07-18,2,55.51,20,88.82,Card,69,Gold
INV13415,1241,206,Electronics,Germany,2024-07-27,6,86.23,15,439.77,Card,49,Standard
INV13416,1492,390,Home,UK,2024-03-12,5,15.11,0,75.55,PayPal,67,Gold
INV13417,1212,310,Fashion,Spain,2024-10-09,5,79.06,20,316.24,Card,30,Gold
INV13418,1692,318,Home,UK,2024-11-19,-1,23.05,20,-18.44,Bank Transfer,63,Gold
INV13419,1337,373,Fashion,Spain,2024-07-19,-2,41.04,0,-82.08,Bank Transfer,32,Platinum
INV13420,1996,262,Fashion,Germany,2024-07-01,9,91.28,20,657.22,Cash,23,Platinum
INV13421,1172,323,Sports,France,2024-04-29,4,73.58,5,279.6,Card,50,Standard
INV13422,1671,211,Sports,UK,2024-08-25,9,28.63,0,257.67,Card,24,Gold
INV13423,1163,340,Sports,Germany,2024-02-05,2,23.68,10,42.62,Card,50,Gold
INV13424,1464,242,Sports,France,2024-08-29,-2,72.77,10,-130.99,Bank Transfer,64,Silver
INV13425,1994,216,Books,Spain,2024-06-14,6,58.94,0,353.64,PayPal,46,Platinum
INV13426,1496,262,Fashion,UK,2024-03-04,5,57.02,15,242.34,PayPal,55,Silver
INV13427,1699,319,Books,Spain,2024-11-01,9,95.11,5,813.19,Card,54,Gold
INV13428,1394,235,Electronics,Germany,2024-12-27,-2,46.04,0,-92.08,PayPal,61,Gold
INV13429,1702,207,Sports,Germany,2024-11-08,5,99.6,15,423.3,Cash,49,Silver
INV13430,1916,268,Fashion,France,2024-01-13,-1,41.31,20,-33.05,Bank Transfer,20,Standard
INV13431,1307,289,Home,France,2024-04-04,2,71.86,0,143.72,Card,37,Standard
INV13432,1767,235,Fashion,France,2024-08-01,-2,87.87,10,-158.17,PayPal,31,Silver
INV13433,1182,227,Home,France,2024-03-17,1,57.7,20,46.16,Card,45,Gold
INV13434,1628,317,Fashion,Germany,2024-12-07,8,54.4,5,413.44,Card,55,Silver
INV13435,1793,292,Electronics,Spain,2024-03-22,2,93.86,20,150.18,Bank Transfer,21,Platinum
INV13436,1509,374,Sports,France,2024-08-20,0,87.89,20,0.0,Bank Transfer,32,Standard
INV13437,1707,275,Sports,France,2024-10-17,-2,45.44,5,-86.34,PayPal,34,Silver
INV13438,1545,300,Home,Spain,2024-01-10,5,99.54,0,497.7,Bank Transfer,54,Standard
INV13439,1563,357,Fashion,UK,2024-09-09,6,45.45,20,218.16,Cash,41,Platinum
INV13440,1623,350,Fashion,Spain,2024-10-10,4,52.36,0,209.44,Card,55,Gold
INV13441,1763,343,Home,Germany,2024-08-07,1,44.21,15,37.58,Bank Transfer,59,Gold
INV13442,1593,213,Electronics,Germany,2024-03-27,8,36.99,5,281.12,PayPal,58,Gold
INV13443,1743,270,Sports,Germany,2024-11-22,-2,97.85,20,-156.56,PayPal,53,Standard
INV13444,1226,379,Fashion,Germany,2024-02-08,7,34.96,5,232.48,PayPal,58,Platinum
INV13445,1744,323,Electronics,UK,2024-03-25,4,51.3,5,194.94,Cash,25,Silver
INV13446,1732,324,Books,Germany,2024-05-08,0,41.29,0,0.0,Bank Transfer,20,Gold
INV13447,1435,236,Sports,Germany,2024-04-14,-1,38.42,15,-32.66,Bank Transfer,47,Standard
INV13448,1924,228,Electronics,Spain,2024-05-02,2,9.32,5,17.71,Cash,39,Gold
INV13449,1421,394,Books,France,2024-08-11,8,35.27,10,253.94,Bank Transfer,69,Platinum
INV13450,1553,342,Books,Spain,2024-07-15,1,24.77,5,23.53,Bank Transfer,50,Silver
INV13451,1020,374,Fashion,UK,2024-07-04,9,52.1,10,422.01,Bank Transfer,42,Gold
INV13452,1553,373,Fashion,Spain,2024-04-10,-2,32.85,20,-52.56,Cash,69,Platinum
INV13453,1396,379,Books,France,2024-09-15,7,53.92,5,358.57,Cash,47,Standard
INV13454,1624,218,Fashion,Spain,2024-11-30,4,18.22,10,65.59,PayPal,54,Platinum
INV13455,1104,305,Fashion,France,2024-05-04,3,37.04,0,111.12,Cash,20,Standard
INV13456,1191,220,Electronics,France,2024-10-22,5,71.63,5,340.24,Cash,21,Gold
INV13457,1016,263,Fashion,Germany,2024-08-04,3,28.39,15,72.39,PayPal,46,Gold
INV13458,1119,364,Electronics,UK,2024-09-16,3,84.83,10,229.04,Cash,49,Platinum
INV13459,1392,226,Home,Spain,2024-05-22,7,89.72,15,533.83,Bank Transfer,40,Standard
INV13460,1424,254,Books,Germany,2024-11-26,1,74.64,20,59.71,Card,36,Platinum
INV13461,1128,228,Sports,Spain,2024-06-06,-2,77.72,10,-139.9,PayPal,32,Platinum
INV13462,1129,347,Home,UK,2024-11-13,-1,87.71,10,-78.94,Card,68,Gold
INV13463,1571,224,Fashion,Spain,2024-03-12,4,29.63,10,106.67,Card,33,Gold
INV13464,1559,269,Fashion,UK,2024-04-28,0,2.03,10,0.0,PayPal,40,Gold
INV13465,1028,262,Home,France,2024-03-02,7,24.72,5,164.39,Card,57,Platinum
INV13466,1096,363,Books,Spain,2024-02-04,4,88.22,20,282.3,Card,63,Platinum
INV13467,1009,329,Sports,Germany,2024-11-17,3,8.79,10,23.73,PayPal,54,Silver
INV13468,1241,349,Books,Spain,2024-02-20,-2,13.63,5,-25.9,PayPal,18,Silver
INV13469,1825,215,Home,Germany,2024-06-18,-1,15.44,5,-14.67,Bank Transfer,36,Platinum
INV13470,1955,345,Fashion,UK,2024-09-16,3,59.93,20,143.83,PayPal,54,Silver
INV13471,1231,396,Sports,France,2024-10-09,-2,30.33,15,-51.56,Cash,52,Platinum
INV13472,1788,381,Electronics,Spain,2024-07-20,7,24.97,5,166.05,Card,47,Gold
INV13473,1283,299,Electronics,Spain,2024-02-24,5,6.89,10,31.0,PayPal,34,Standard
INV13474,1714,229,Books,Spain,2024-11-23,8,20.8,15,141.44,Bank Transfer,56,Gold
INV13475,1758,244,Electronics,UK,2024-02-01,0,18.09,10,0.0,PayPal,66,Platinum
INV13476,1801,218,Home,Germany,2024-12-08,6,44.24,5,252.17,Card,43,Gold
INV13477,1775,233,Electronics,UK,2024-05-18,9,55.51,20,399.67,PayPal,30,Platinum
INV13478,1954,340,Home,Spain,2024-11-02,1,69.56,10,62.6,Card,39,Platinum
INV13479,1725,370,Books,France,2024-11-09,2,4.03,0,8.06,PayPal,63,Silver
INV13480,1199,261,Electronics,Spain,2024-07-18,9,43.07,15,329.49,Bank Transfer,40,Platinum
INV13481,1944,317,Home,Germany,2024-01-28,-2,53.43,10,-96.17,Cash,61,Standard
INV13482,1078,299,Fashion,Spain,2024-10-13,8,20.03,15,136.2,Bank Transfer,60,Silver
INV13483,1912,221,Home,Germany,2024-01-27,9,42.73,0,384.57,PayPal,50,Standard
INV13484,1955,379,Books,Germany,2024-05-01,9,41.88,10,339.23,Card,44,Platinum
INV13485,1854,379,Books,Spain,2024-11-20,-1,41.74,5,-39.65,Bank Transfer,52,Gold
INV13486,1855,310,Electronics,Germany,2024-06-28,-1,49.38,10,-44.44,Cash,29,Platinum
INV13487,1172,363,Electronics,Germany,2024-03-18,-1,81.07,5,-77.02,Cash,26,Platinum
INV13488,1466,272,Sports,France,2024-10-05,0,99.09,20,0.0,Card,51,Gold
INV13489,1580,346,Books,Spain,2024-02-17,5,5.9,5,28.02,PayPal,31,Gold
INV13490,1415,237,Fashion,UK,2024-11-03,9,37.66,20,271.15,Bank Transfer,54,Standard
INV13491,1939,269,Sports,France,2024-09-10,3,63.66,0,190.98,Bank Transfer,20,Silver
INV13492,1448,315,Sports,France,2024-06-13,-1,87.06,5,-82.71,Card,61,Silver
INV13493,1086,278,Books,France,2024-07-16,3,30.43,0,91.29,Bank Transfer,61,Silver
INV13494,1100,384,Electronics,France,2024-01-01,3,32.49,15,82.85,Card,38,Standard
INV13495,1007,347,Sports,Germany,2024-04-08,4,68.97,5,262.09,Card,24,Standard
INV13496,1844,208,Sports,UK,2024-10-07,5,39.3,20,157.2,PayPal,50,Gold
INV13497,1199,231,Fashion,France,2024-02-25,6,65.35,20,313.68,Card,52,Silver
INV13498,1504,331,Books,Spain,2024-05-25,0,32.02,15,0.0,Bank Transfer,28,Platinum
INV13499,1086,249,Books,France,2024-01-28,6,40.39,15,205.99,Card,62,Standard
